{
  "features": [
    {
      "geometry": {
        "coordinates": [
          [
            952.25,
            -2871.589564
          ],
          [
            959,
            -2861.470194
          ],
          [
            964.75,
            -2856.223113
          ],
          [
            974.125,
            -2857.222557
          ],
          [
            977.75,
            -2852.100407
          ],
          [
            982.5,
            -2848.852214
          ]
        ],
        "type": "LineString"
      },
      "properties": {
      },
      "type": "Feature"
    },
    {
      "geometry": {
        "coordinates": [
          [
            4861.75,
            -3365.051236
          ],
          [
            4830.5,
            -3363.302209
          ],
          [
            4805.5,
            -3358.055128
          ],
          [
            4769.5,
            -3345.062357
          ],
          [
            4753.75,
            -3335.817501
          ],
          [
            4745,
            -3325.323339
          ],
          [
            4737.25,
            -3310.33168
          ],
          [
            4734.25,
            -3295.09016
          ],
          [
            4727.25,
            -3283.096832
          ],
          [
            4721.25,
            -3270.853644
          ],
          [
            4713.25,
            -3256.861429
          ],
          [
            4707,
            -3250.864765
          ],
          [
            4686,
            -3232.125191
          ],
          [
            4667.5,
            -3215.634366
          ],
          [
            4651.5,
            -3197.144653
          ],
          [
            4650.25,
            -3180.903689
          ],
          [
            4650.5,
            -3143.17468
          ],
          [
            4649,
            -3122.186357
          ],
          [
            4644,
            -3107.194698
          ],
          [
            4635.75,
            -3096.450675
          ],
          [
            4625.75,
            -3083.957626
          ],
          [
            4617.5,
            -3070.964855
          ],
          [
            4614.25,
            -3055.723334
          ],
          [
            4606.5,
            -3044.229729
          ],
          [
            4597.25,
            -3037.233621
          ],
          [
            4586,
            -3024.990433
          ],
          [
            4581,
            -3017.244742
          ],
          [
            4582.5,
            -3003.002666
          ],
          [
            4578.5,
            -2993.008227
          ],
          [
            4579.75,
            -2981.764482
          ],
          [
            4586,
            -2969.271433
          ],
          [
            4588.5,
            -2958.527411
          ],
          [
            4594,
            -2952.031025
          ],
          [
            4593.75,
            -2929.043814
          ],
          [
            4596.5,
            -2922.797289
          ],
          [
            4598,
            -2916.800626
          ],
          [
            4595.75,
            -2908.305352
          ],
          [
            4589.5,
            -2902.308689
          ],
          [
            4582.25,
            -2894.063276
          ],
          [
            4577,
            -2881.570227
          ],
          [
            4574.25,
            -2871.325926
          ],
          [
            4574,
            -2859.082738
          ],
          [
            4576,
            -2854.335379
          ],
          [
            4576.75,
            -2841.84233
          ],
          [
            4579.75,
            -2827.350393
          ],
          [
            4581.25,
            -2815.107204
          ],
          [
            4584.75,
            -2809.610262
          ],
          [
            4584.25,
            -2796.117769
          ],
          [
            4585.75,
            -2788.871801
          ],
          [
            4586.75,
            -2777.128334
          ],
          [
            4582.25,
            -2769.632505
          ],
          [
            4583,
            -2758.38876
          ],
          [
            4587.5,
            -2751.642514
          ],
          [
            4595.75,
            -2746.395433
          ],
          [
            4604.5,
            -2743.14724
          ],
          [
            4608.5,
            -2737.150576
          ],
          [
            4615.75,
            -2732.90294
          ],
          [
            4618.75,
            -2722.9085
          ],
          [
            4631,
            -2712.164478
          ],
          [
            4637.5,
            -2707.66698
          ],
          [
            4640.75,
            -2701.920177
          ],
          [
            4656.5,
            -2690.426572
          ],
          [
            4667.5,
            -2678.683105
          ],
          [
            4678.5,
            -2659.443809
          ],
          [
            4687,
            -2647.450482
          ],
          [
            4691,
            -2639.45493
          ],
          [
            4698.5,
            -2632.458823
          ],
          [
            4709.5,
            -2631.459379
          ],
          [
            4719.75,
            -2625.962437
          ],
          [
            4734.75,
            -2616.217859
          ],
          [
            4743,
            -2606.47328
          ],
          [
            4747.75,
            -2598.227868
          ],
          [
            4751.25,
            -2591.731482
          ],
          [
            4757,
            -2588.483289
          ],
          [
            4763,
            -2589.982455
          ],
          [
            4770.75,
            -2593.980231
          ],
          [
            4782.5,
            -2590.981899
          ],
          [
            4792.25,
            -2585.984679
          ],
          [
            4802,
            -2579.738155
          ],
          [
            4809,
            -2571.742603
          ],
          [
            4817.5,
            -2560.498859
          ],
          [
            4827.25,
            -2548.005809
          ],
          [
            4830.25,
            -2540.260119
          ],
          [
            4830.75,
            -2532.764289
          ],
          [
            4834.5,
            -2523.519433
          ],
          [
            4839.25,
            -2516.273464
          ],
          [
            4848.25,
            -2513.275132
          ],
          [
            4867,
            -2506.029164
          ],
          [
            4876,
            -2502.281249
          ],
          [
            4886,
            -2504.529998
          ],
          [
            4906.75,
            -2506.029164
          ],
          [
            4919.5,
            -2505.02972
          ],
          [
            4931.5,
            -2501.531666
          ],
          [
            4940.25,
            -2497.034168
          ],
          [
            4971.75,
            -2496.534446
          ],
          [
            4979,
            -2492.53667
          ],
          [
            4984.75,
            -2482.29237
          ],
          [
            4991.5,
            -2481.043065
          ],
          [
            5011.5,
            -2468.300155
          ],
          [
            5020,
            -2464.55224
          ],
          [
            5032.75,
            -2458.555576
          ],
          [
            5041,
            -2453.058634
          ],
          [
            5047.25,
            -2447.061971
          ],
          [
            5054.75,
            -2439.066419
          ],
          [
            5062.5,
            -2437.567253
          ],
          [
            5065,
            -2432.570033
          ],
          [
            5065.5,
            -2424.07476
          ],
          [
            5068.75,
            -2421.076428
          ],
          [
            5083,
            -2413.080876
          ],
          [
            5089.75,
            -2408.791828
          ],
          [
            5089.5,
            -2403.294887
          ],
          [
            5093.125,
            -2388.802949
          ],
          [
            5095.5,
            -2380.307676
          ],
          [
            5092.5,
            -2376.18497
          ],
          [
            5091.125,
            -2369.938445
          ],
          [
            5091.375,
            -2346.076721
          ],
          [
            5087.75,
            -2339.455405
          ],
          [
            5074.75,
            -2330.335478
          ],
          [
            5067.75,
            -2325.71305
          ],
          [
            5056.75,
            -2323.714162
          ],
          [
            5048.25,
            -2321.965135
          ],
          [
            5042.625,
            -2318.966804
          ],
          [
            5038,
            -2313.469862
          ],
          [
            5032.875,
            -2306.348824
          ],
          [
            5026.125,
            -2296.354384
          ],
          [
            5018.25,
            -2291.981817
          ],
          [
            5008.75,
            -2289.608138
          ],
          [
            5000.625,
            -2286.609806
          ],
          [
            4994.375,
            -2281.487656
          ],
          [
            4989.25,
            -2270.868564
          ],
          [
            4989.25,
            -2259.000167
          ],
          [
            4987.375,
            -2250.005171
          ],
          [
            4983.875,
            -2240.760315
          ],
          [
            4971.75,
            -2224.519351
          ],
          [
            4965.25,
            -2219.896922
          ],
          [
            4957.125,
            -2211.151788
          ],
          [
            4954.875,
            -2203.406097
          ],
          [
            4953.5,
            -2193.661519
          ],
          [
            4960.875,
            -2181.168469
          ],
          [
            4987,
            -2155.37188
          ],
          [
            5013,
            -2134.383557
          ],
          [
            5089,
            -2093.906077
          ],
          [
            5120.5,
            -2080.913306
          ],
          [
            5118,
            -2043.93388
          ],
          [
            5108.5,
            -2034.031768
          ],
          [
            5104.25,
            -2027.285522
          ],
          [
            5102,
            -2016.79136
          ],
          [
            5102.75,
            -1989.556513
          ],
          [
            5104.25,
            -1978.562629
          ],
          [
            5108.75,
            -1965.070136
          ],
          [
            5108.75,
            -1955.325557
          ],
          [
            5106.375,
            -1945.662779
          ],
          [
            5102.875,
            -1937.792158
          ],
          [
            5102.125,
            -1932.045355
          ],
          [
            5107.25,
            -1926.798274
          ],
          [
            5106.5,
            -1918.17807
          ],
          [
            5100.5,
            -1909.932658
          ],
          [
            5098.875,
            -1905.310229
          ],
          [
            5087.875,
            -1893.316902
          ],
          [
            5084,
            -1886.695586
          ],
          [
            5082.5,
            -1878.450173
          ],
          [
            5081.875,
            -1870.579552
          ],
          [
            5079.5,
            -1861.584557
          ],
          [
            5065.625,
            -1840.596234
          ],
          [
            5062,
            -1831.726169
          ],
          [
            5058.25,
            -1816.73451
          ],
          [
            5058.125,
            -1808.489097
          ],
          [
            5062.25,
            -1798.244797
          ],
          [
            5065.25,
            -1790.374175
          ],
          [
            5068.875,
            -1779.255362
          ],
          [
            5071.125,
            -1768.63627
          ],
          [
            5071.75,
            -1757.517456
          ],
          [
            5072.625,
            -1745.773989
          ],
          [
            5073,
            -1736.404202
          ]
        ],
        "type": "LineString"
      },
      "properties": {
      },
      "type": "Feature"
    },
    {
      "geometry": {
        "coordinates": [
          [
            5073,
            -1736.404202
          ],
          [
            5091.5,
            -1736.657956
          ],
          [
            5104,
            -1737.907261
          ],
          [
            5124.625,
            -1740.031079
          ],
          [
            5151.625,
            -1742.029967
          ],
          [
            5189.875,
            -1742.154897
          ],
          [
            5200.125,
            -1740.28094
          ],
          [
            5215.625,
            -1737.407539
          ],
          [
            5235.625,
            -1736.408095
          ],
          [
            5252.75,
            -1718.792895
          ],
          [
            5258.75,
            -1710.047761
          ],
          [
            5268.5,
            -1704.550819
          ],
          [
            5275.625,
            -1698.429225
          ],
          [
            5280.25,
            -1690.433673
          ],
          [
            5287,
            -1684.68687
          ],
          [
            5298.625,
            -1667.071671
          ],
          [
            5305.5,
            -1658.951189
          ],
          [
            5310.75,
            -1652.579734
          ],
          [
            5312.5,
            -1642.085572
          ],
          [
            5317.875,
            -1635.839047
          ],
          [
            5320.875,
            -1628.218287
          ],
          [
            5325.25,
            -1618.973431
          ],
          [
            5328.75,
            -1608.229408
          ],
          [
            5332.5,
            -1596.610873
          ],
          [
            5334.125,
            -1584.617545
          ],
          [
            5337,
            -1571.874635
          ],
          [
            5341,
            -1552.135617
          ],
          [
            5343.875,
            -1536.519305
          ],
          [
            5344.125,
            -1506.036265
          ],
          [
            5343,
            -1498.540435
          ],
          [
            5342.625,
            -1489.54544
          ],
          [
            5338,
            -1479.800861
          ],
          [
            5336.125,
            -1474.553781
          ],
          [
            5334.375,
            -1459.244754
          ],
          [
            5334,
            -1442.504068
          ],
          [
            5333.625,
            -1430.635671
          ],
          [
            5330,
            -1415.14429
          ],
          [
            5325.625,
            -1406.232591
          ],
          [
            5321.375,
            -1394.614055
          ],
          [
            5315.625,
            -1383.994963
          ],
          [
            5310.5,
            -1371.002191
          ],
          [
            5306.375,
            -1357.134907
          ],
          [
            5303.25,
            -1344.017205
          ],
          [
            5301.375,
            -1337.895611
          ],
          [
            5301,
            -1314.533608
          ],
          [
            5302.25,
            -1304.289308
          ],
          [
            5307.25,
            -1287.798483
          ],
          [
            5311.75,
            -1278.178835
          ],
          [
            5316,
            -1266.81016
          ],
          [
            5321.5,
            -1257.690234
          ],
          [
            5325.125,
            -1247.445933
          ],
          [
            5330.875,
            -1241.824061
          ],
          [
            5342.625,
            -1239.325451
          ],
          [
            5376.125,
            -1239.325451
          ],
          [
            5385.125,
            -1242.323783
          ],
          [
            5393.125,
            -1243.94788
          ],
          [
            5403.25,
            -1241.948992
          ],
          [
            5417.75,
            -1233.453718
          ],
          [
            5430,
            -1228.456498
          ],
          [
            5443.375,
            -1225.708028
          ],
          [
            5457.875,
            -1226.457611
          ],
          [
            5465.25,
            -1228.706359
          ],
          [
            5501.125,
            -1228.581429
          ],
          [
            5516.5,
            -1226.20775
          ],
          [
            5530.75,
            -1222.334904
          ],
          [
            5542.125,
            -1217.962337
          ],
          [
            5554.125,
            -1214.339353
          ],
          [
            5565.375,
            -1207.093384
          ],
          [
            5570.5,
            -1198.47318
          ],
          [
            5570.625,
            -1112.770862
          ],
          [
            5571.25,
            -1107.523781
          ],
          [
            5574.75,
            -1104.400518
          ],
          [
            5582.625,
            -1102.2767
          ],
          [
            5595.75,
            -1092.906913
          ],
          [
            5608,
            -1086.785319
          ],
          [
            5619,
            -1079.039628
          ],
          [
            5631,
            -1071.418868
          ],
          [
            5643.875,
            -1062.798664
          ],
          [
            5656,
            -1056.552139
          ],
          [
            5666.25,
            -1054.678182
          ],
          [
            5671.5,
            -1053.804572
          ],
          [
            5679.75,
            -1059.176583
          ],
          [
            5688.75,
            -1063.923942
          ],
          [
            5696.5,
            -1065.548039
          ],
          [
            5706.875,
            -1063.674081
          ],
          [
            5720,
            -1059.051653
          ],
          [
            5733,
            -1054.679086
          ],
          [
            5746.5,
            -1048.432561
          ],
          [
            5759.5,
            -1043.06055
          ],
          [
            5768.625,
            -1038.563052
          ],
          [
            5782.875,
            -1031.941736
          ],
          [
            5795.625,
            -1024.071115
          ],
          [
            5806.75,
            -1021.697435
          ],
          [
            5812.625,
            -1021.761158
          ],
          [
            5858.5,
            -1067.235857
          ],
          [
            5865.375,
            -1074.481826
          ],
          [
            5879.875,
            -1083.976543
          ],
          [
            5884.625,
            -1086.350223
          ],
          [
            5890.5,
            -1091.097582
          ],
          [
            5901.625,
            -1094.470705
          ],
          [
            5916.25,
            -1099.342994
          ],
          [
            5928.375,
            -1104.090353
          ],
          [
            5940.625,
            -1106.214171
          ],
          [
            5942.125,
            -1120.706108
          ],
          [
            5949.5,
            -1128.201938
          ],
          [
            5973.125,
            -1128.201938
          ],
          [
            5982.125,
            -1122.829927
          ],
          [
            5981.375,
            -1100.467369
          ],
          [
            5981.25,
            -1089.598416
          ],
          [
            5986,
            -1087.349667
          ],
          [
            5996,
            -1085.72557
          ],
          [
            6006.125,
            -1084.101474
          ],
          [
            6025.25,
            -1083.351891
          ],
          [
            6036.25,
            -1083.10203
          ],
          [
            6043.125,
            -1082.977099
          ],
          [
            6049.75,
            -1087.474597
          ],
          [
            6057.75,
            -1090.847721
          ],
          [
            6063.625,
            -1095.595079
          ],
          [
            6070.5,
            -1099.467925
          ],
          [
            6077.75,
            -1103.090909
          ],
          [
            6088.125,
            -1105.83938
          ],
          [
            6096.125,
            -1106.963754
          ],
          [
            6108,
            -1107.338546
          ],
          [
            6121.125,
            -1108.088129
          ],
          [
            6138.5,
            -1109.587295
          ],
          [
            6146.25,
            -1109.337434
          ],
          [
            6154.25,
            -1108.088129
          ],
          [
            6152.75,
            -1101.341882
          ],
          [
            6153.875,
            -1094.595635
          ],
          [
            6157.375,
            -1089.848277
          ],
          [
            6165.5,
            -1087.099806
          ],
          [
            6174.625,
            -1085.850501
          ],
          [
            6180.25,
            -1091.472373
          ],
          [
            6187.375,
            -1097.094245
          ],
          [
            6189.625,
            -1102.841048
          ],
          [
            6190.375,
            -1109.462364
          ],
          [
            6187.375,
            -1115.708889
          ],
          [
            6185,
            -1120.831039
          ],
          [
            6183.25,
            -1125.703328
          ],
          [
            6175.25,
            -1127.702216
          ],
          [
            6169.375,
            -1127.702216
          ],
          [
            6158.75,
            -1126.827703
          ],
          [
            6159.75,
            -1119.956526
          ],
          [
            6156.5,
            -1112.460696
          ]
        ],
        "type": "LineString"
      },
      "properties": {
      },
      "type": "Feature"
    },
    {
      "geometry": {
        "coordinates": [
          [
            6156.5,
            -1112.460696
          ],
          [
            6154.25,
            -1108.088129
          ]
        ],
        "type": "LineString"
      },
      "properties": {
      },
      "type": "Feature"
    },
    {
      "geometry": {
        "coordinates": [
          [
            6095.625,
            -1131.0752
          ],
          [
            6094,
            -1126.952494
          ],
          [
            6091.375,
            -1123.954162
          ],
          [
            6091.375,
            -1120.206247
          ],
          [
            6093.25,
            -1117.957499
          ],
          [
            6094.125,
            -1115.70875
          ],
          [
            6095.625,
            -1111.586043
          ],
          [
            6096.125,
            -1106.963754
          ]
        ],
        "type": "LineString"
      },
      "properties": {
      },
      "type": "Feature"
    },
    {
      "geometry": {
        "coordinates": [
          [
            6101.125,
            -1123.579371
          ],
          [
            6097,
            -1121.330622
          ],
          [
            6093.25,
            -1117.957499
          ]
        ],
        "type": "LineString"
      },
      "properties": {
      },
      "type": "Feature"
    },
    {
      "geometry": {
        "coordinates": [
          [
            6082.375,
            -1116.458333
          ],
          [
            6088.75,
            -1116.958055
          ],
          [
            6091.375,
            -1116.458333
          ],
          [
            6093.25,
            -1117.957499
          ]
        ],
        "type": "LineString"
      },
      "properties": {
      },
      "type": "Feature"
    },
    {
      "geometry": {
        "coordinates": [
          [
            6068.875,
            -1162.611413
          ],
          [
            6066.75,
            -1162.111691
          ],
          [
            6064.125,
            -1158.738568
          ],
          [
            6060.25,
            -1155.240514
          ],
          [
            6057.5,
            -1150.493156
          ],
          [
            6055.875,
            -1145.620866
          ],
          [
            6054,
            -1139.499272
          ],
          [
            6053.875,
            -1132.253303
          ],
          [
            6055.125,
            -1124.007891
          ],
          [
            6055.625,
            -1116.761922
          ],
          [
            6058,
            -1112.014564
          ],
          [
            6058.875,
            -1106.892413
          ],
          [
            6062.125,
            -1099.896306
          ],
          [
            6063.625,
            -1095.595079
          ]
        ],
        "type": "LineString"
      },
      "properties": {
      },
      "type": "Feature"
    },
    {
      "geometry": {
        "coordinates": [
          [
            6091.375,
            -1059.668687
          ],
          [
            6089.25,
            -1056.670355
          ],
          [
            6084.75,
            -1053.422162
          ],
          [
            6079.75,
            -1053.547093
          ],
          [
            6076.125,
            -1056.295563
          ],
          [
            6071.75,
            -1060.043478
          ],
          [
            6067.875,
            -1062.91688
          ],
          [
            6066.625,
            -1069.413265
          ],
          [
            6064.125,
            -1075.65979
          ],
          [
            6060.625,
            -1083.905203
          ],
          [
            6057.75,
            -1090.847721
          ]
        ],
        "type": "LineString"
      },
      "properties": {
      },
      "type": "Feature"
    },
    {
      "geometry": {
        "coordinates": [
          [
            6038.5,
            -1042.928001
          ],
          [
            6036.75,
            -1047.175637
          ],
          [
            6033.25,
            -1053.547093
          ],
          [
            6031.625,
            -1059.168965
          ],
          [
            6029.875,
            -1065.790281
          ],
          [
            6026.625,
            -1071.537084
          ],
          [
            6025.125,
            -1079.282774
          ],
          [
            6025.25,
            -1083.351891
          ]
        ],
        "type": "LineString"
      },
      "properties": {
      },
      "type": "Feature"
    },
    {
      "geometry": {
        "coordinates": [
          [
            6018.375,
            -1052.547649
          ],
          [
            6020.625,
            -1053.672023
          ],
          [
            6024.25,
            -1054.171745
          ],
          [
            6027.625,
            -1058.169521
          ],
          [
            6031.625,
            -1059.168965
          ]
        ],
        "type": "LineString"
      },
      "properties": {
      },
      "type": "Feature"
    },
    {
      "geometry": {
        "coordinates": [
          [
            6006.625,
            -1100.032705
          ],
          [
            6006.125,
            -1084.101474
          ]
        ],
        "type": "LineString"
      },
      "properties": {
      },
      "type": "Feature"
    },
    {
      "geometry": {
        "coordinates": [
          [
            5899.375,
            -1198.477934
          ],
          [
            5903.125,
            -1198.228073
          ],
          [
            5904.5,
            -1196.354115
          ],
          [
            5904.75,
            -1168.619546
          ],
          [
            5905.5,
            -1166.245866
          ],
          [
            5909.25,
            -1166.245866
          ],
          [
            5909.875,
            -1173.491835
          ],
          [
            5912.5,
            -1175.240862
          ],
          [
            5920.25,
            -1181.737247
          ],
          [
            5922.875,
            -1183.985996
          ],
          [
            5925.125,
            -1183.236413
          ],
          [
            5924.5,
            -1178.988777
          ],
          [
            5921.5,
            -1176.864958
          ],
          [
            5919.625,
            -1174.366348
          ],
          [
            5919.5,
            -1171.243086
          ],
          [
            5921.75,
            -1169.74392
          ],
          [
            5925.5,
            -1171.992669
          ],
          [
            5927.625,
            -1173.491835
          ],
          [
            5932.25,
            -1173.491835
          ],
          [
            5933.75,
            -1172.36746
          ],
          [
            5933.75,
            -1157.00101
          ],
          [
            5933.75,
            -1154.62733
          ],
          [
            5933.125,
            -1144.258099
          ],
          [
            5933.375,
            -1137.511853
          ],
          [
            5936,
            -1131.015467
          ],
          [
            5937.875,
            -1125.143734
          ],
          [
            5942.125,
            -1120.706108
          ]
        ],
        "type": "LineString"
      },
      "properties": {
      },
      "type": "Feature"
    },
    {
      "geometry": {
        "coordinates": [
          [
            5933.75,
            -1154.62733
          ],
          [
            5939,
            -1157.500732
          ],
          [
            5944.125,
            -1160.374133
          ],
          [
            5948,
            -1160.998786
          ],
          [
            5955.875,
            -1160.374133
          ],
          [
            5961.125,
            -1157.625662
          ],
          [
            5965.25,
            -1152.753373
          ],
          [
            5971.25,
            -1148.006014
          ],
          [
            5973.125,
            -1144.258099
          ],
          [
            5973.125,
            -1128.201938
          ]
        ],
        "type": "LineString"
      },
      "properties": {
      },
      "type": "Feature"
    },
    {
      "geometry": {
        "coordinates": [
          [
            5921.875,
            -1127.392483
          ],
          [
            5924.375,
            -1128.516857
          ],
          [
            5936.88898,
            -1128.231545
          ]
        ],
        "type": "LineString"
      },
      "properties": {
      },
      "type": "Feature"
    },
    {
      "geometry": {
        "coordinates": [
          [
            5992.5,
            -1143.008794
          ],
          [
            5992.5,
            -1137.386922
          ],
          [
            5992.5,
            -1129.641232
          ],
          [
            5988.75,
            -1127.392483
          ],
          [
            5984.125,
            -1126.6429
          ],
          [
            5982.125,
            -1122.829927
          ]
        ],
        "type": "LineString"
      },
      "properties": {
      },
      "type": "Feature"
    },
    {
      "geometry": {
        "coordinates": [
          [
            5998.75,
            -1137.636783
          ],
          [
            5992.5,
            -1137.386922
          ]
        ],
        "type": "LineString"
      },
      "properties": {
      },
      "type": "Feature"
    },
    {
      "geometry": {
        "coordinates": [
          [
            5884.625,
            -1086.350223
          ],
          [
            5885.875,
            -1081.153534
          ],
          [
            5889.375,
            -1075.656593
          ],
          [
            5891.5,
            -1072.658261
          ],
          [
            5895.75,
            -1069.410068
          ],
          [
            5900,
            -1065.037501
          ],
          [
            5904.125,
            -1061.664377
          ],
          [
            5910.75,
            -1059.79042
          ],
          [
            5922.375,
            -1058.790976
          ],
          [
            5928.875,
            -1056.042505
          ],
          [
            5934.5,
            -1055.417853
          ],
          [
            5941.125,
            -1057.666602
          ],
          [
            5947.625,
            -1058.915907
          ],
          [
            5954.875,
            -1059.91535
          ],
          [
            5958.625,
            -1061.414516
          ],
          [
            5962.25,
            -1066.036945
          ],
          [
            5962.625,
            -1076.780967
          ],
          [
            5960.375,
            -1080.903673
          ],
          [
            5956.25,
            -1082.028048
          ],
          [
            5956.375,
            -1090.898113
          ]
        ],
        "type": "LineString"
      },
      "properties": {
      },
      "type": "Feature"
    },
    {
      "geometry": {
        "coordinates": [
          [
            5880.25,
            -1063.913126
          ],
          [
            5884.125,
            -1065.287362
          ],
          [
            5889.125,
            -1069.534998
          ],
          [
            5891.5,
            -1072.658261
          ]
        ],
        "type": "LineString"
      },
      "properties": {
      },
      "type": "Feature"
    },
    {
      "geometry": {
        "coordinates": [
          [
            5981.25,
            -1089.598416
          ],
          [
            5973.75,
            -1090.398391
          ],
          [
            5963.5,
            -1089.773738
          ],
          [
            5956.375,
            -1090.898113
          ],
          [
            5951.625,
            -1096.644916
          ],
          [
            5947.25,
            -1102.016927
          ],
          [
            5945.875,
            -1105.39005
          ],
          [
            5940.625,
            -1106.214171
          ]
        ],
        "type": "LineString"
      },
      "properties": {
      },
      "type": "Feature"
    },
    {
      "geometry": {
        "coordinates": [
          [
            5935.625,
            -1091.772626
          ],
          [
            5934.25,
            -1097.394499
          ],
          [
            5934.714832,
            -1105.189508
          ]
        ],
        "type": "LineString"
      },
      "properties": {
      },
      "type": "Feature"
    },
    {
      "geometry": {
        "coordinates": [
          [
            5875.5,
            -1089.270055
          ],
          [
            5876,
            -1086.396653
          ],
          [
            5879.875,
            -1083.976543
          ]
        ],
        "type": "LineString"
      },
      "properties": {
      },
      "type": "Feature"
    },
    {
      "geometry": {
        "coordinates": [
          [
            5073,
            -1736.404202
          ],
          [
            5067,
            -1736.626218
          ],
          [
            5055.125,
            -1736.251427
          ],
          [
            5049.75,
            -1732.878303
          ],
          [
            5039.875,
            -1732.253651
          ],
          [
            5033,
            -1731.504068
          ],
          [
            5015.875,
            -1732.128721
          ],
          [
            5004.25,
            -1733.003234
          ],
          [
            4996.125,
            -1735.501844
          ],
          [
            4984.5,
            -1736.001566
          ],
          [
            4971.75,
            -1737.12594
          ],
          [
            4959.875,
            -1738.874967
          ],
          [
            4951.25,
            -1742.24809
          ],
          [
            4947.5,
            -1743.247534
          ],
          [
            4935.875,
            -1744.122048
          ],
          [
            4925.875,
            -1747.994893
          ],
          [
            4916.75,
            -1752.867182
          ],
          [
            4906.625,
            -1757.23975
          ],
          [
            4897.625,
            -1760.363012
          ],
          [
            4890.125,
            -1762.48683
          ],
          [
            4880.375,
            -1763.111483
          ],
          [
            4872.5,
            -1764.98544
          ],
          [
            4851.75,
            -1764.86051
          ],
          [
            4844.25,
            -1765.610093
          ],
          [
            4829.5,
            -1765.485162
          ],
          [
            4821.375,
            -1765.610093
          ],
          [
            4813.875,
            -1762.736691
          ],
          [
            4802.875,
            -1758.613985
          ],
          [
            4793.125,
            -1753.616765
          ],
          [
            4783.625,
            -1748.244754
          ],
          [
            4775.625,
            -1744.7467
          ],
          [
            4767.125,
            -1740.748925
          ],
          [
            4756.625,
            -1736.501288
          ],
          [
            4748.5,
            -1731.628999
          ],
          [
            4738.125,
            -1725.757265
          ],
          [
            4729.75,
            -1721.88442
          ],
          [
            4719.625,
            -1718.636227
          ],
          [
            4709.75,
            -1710.390815
          ],
          [
            4702.375,
            -1705.518525
          ],
          [
            4689.625,
            -1696.148738
          ],
          [
            4683,
            -1689.152631
          ],
          [
            4679.125,
            -1685.904438
          ],
          [
            4675.875,
            -1680.282566
          ],
          [
            4667.25,
            -1673.036597
          ],
          [
            4655.875,
            -1664.291463
          ],
          [
            4650.375,
            -1660.418617
          ],
          [
            4645.375,
            -1654.297023
          ],
          [
            4638,
            -1647.425846
          ],
          [
            4631.5,
            -1642.303696
          ],
          [
            4622.875,
            -1635.68238
          ],
          [
            4611.875,
            -1624.438635
          ],
          [
            4604.875,
            -1616.817875
          ],
          [
            4600.125,
            -1614.444196
          ],
          [
            4593.25,
            -1613.944474
          ],
          [
            4589.5,
            -1610.071628
          ],
          [
            4581.75,
            -1608.144508
          ],
          [
            4571.5,
            -1612.142284
          ],
          [
            4568.75,
            -1631.38158
          ],
          [
            4569.75,
            -1678.605306
          ],
          [
            4570.25,
            -1722.081118
          ],
          [
            4568.75,
            -1742.319858
          ],
          [
            4565.75,
            -1760.55971
          ],
          [
            4560,
            -1772.553037
          ],
          [
            4553,
            -1778.29984
          ],
          [
            4540.5,
            -1778.549701
          ],
          [
            4531.75,
            -1776.051091
          ],
          [
            4527,
            -1769.804566
          ],
          [
            4526.75,
            -1763.308181
          ],
          [
            4527,
            -1746.817356
          ],
          [
            4527.5,
            -1731.825697
          ],
          [
            4524,
            -1714.585288
          ],
          [
            4517.5,
            -1696.595297
          ],
          [
            4509,
            -1687.600302
          ],
          [
            4496,
            -1678.605306
          ]
        ],
        "type": "LineString"
      },
      "properties": {
      },
      "type": "Feature"
    },
    {
      "geometry": {
        "coordinates": [
          [
            5671.5,
            -1053.804572
          ],
          [
            5679.375,
            -1045.755736
          ],
          [
            5689.375,
            -1039.884003
          ],
          [
            5697.5,
            -1036.51088
          ],
          [
            5706.125,
            -1034.01227
          ],
          [
            5716.25,
            -1028.640259
          ],
          [
            5721.5,
            -1025.516996
          ],
          [
            5730,
            -1023.518108
          ],
          [
            5735.375,
            -1017.896236
          ],
          [
            5742.375,
            -1015.147765
          ],
          [
            5749.375,
            -1009.900685
          ],
          [
            5759.75,
            -1004.153882
          ],
          [
            5764.375,
            -1001.655272
          ],
          [
            5767.125,
            -997.532566
          ],
          [
            5766.25,
            -991.03618
          ],
          [
            5764,
            -985.414308
          ],
          [
            5759.5,
            -980.91681
          ],
          [
            5752.875,
            -978.668061
          ],
          [
            5744.875,
            -975.669729
          ],
          [
            5733.75,
            -976.919034
          ],
          [
            5726,
            -982.041185
          ],
          [
            5718.25,
            -985.039516
          ],
          [
            5713.625,
            -991.785763
          ],
          [
            5705.375,
            -996.0334
          ],
          [
            5697,
            -998.781871
          ],
          [
            5686.5,
            -1001.905133
          ],
          [
            5676,
            -1004.528673
          ],
          [
            5667.125,
            -1010.650268
          ],
          [
            5659.375,
            -1014.398182
          ],
          [
            5650.125,
            -1016.771862
          ],
          [
            5644.625,
            -1019.770194
          ],
          [
            5639.5,
            -1020.519777
          ],
          [
            5632.5,
            -1018.77075
          ],
          [
            5623.625,
            -1015.897348
          ],
          [
            5616.75,
            -1011.649712
          ],
          [
            5610.5,
            -1007.152214
          ],
          [
            5606.75,
            -1004.528673
          ],
          [
            5606.125,
            -1000.530898
          ],
          [
            5608.125,
            -994.534234
          ],
          [
            5610.875,
            -988.287709
          ],
          [
            5619.125,
            -984.165003
          ],
          [
            5628.125,
            -979.417644
          ],
          [
            5637.5,
            -976.419312
          ],
          [
            5643.375,
            -972.671398
          ],
          [
            5652.125,
            -967.549247
          ],
          [
            5664,
            -960.67807
          ],
          [
            5671.5,
            -955.056198
          ],
          [
            5680.125,
            -946.560924
          ],
          [
            5688.625,
            -937.316068
          ],
          [
            5692.5,
            -931.194474
          ],
          [
            5699.875,
            -928.446003
          ],
          [
            5703.875,
            -923.198922
          ],
          [
            5707,
            -919.201146
          ],
          [
            5711.625,
            -913.829135
          ],
          [
            5712.25,
            -901.585947
          ],
          [
            5710.125,
            -897.748369
          ],
          [
            5706.625,
            -893.375801
          ],
          [
            5699.875,
            -891.876635
          ],
          [
            5692.5,
            -893.12594
          ],
          [
            5685.625,
            -898.497951
          ],
          [
            5681.375,
            -902.995449
          ],
          [
            5674.625,
            -902.620658
          ],
          [
            5667,
            -903.495171
          ],
          [
            5658.25,
            -906.993225
          ],
          [
            5651.75,
            -907.867738
          ],
          [
            5646.875,
            -911.990445
          ],
          [
            5643.125,
            -916.862734
          ],
          [
            5637.25,
            -918.3619
          ],
          [
            5632,
            -921.859606
          ],
          [
            5626.25,
            -922.983981
          ],
          [
            5619.875,
            -920.860162
          ],
          [
            5608.25,
            -919.111135
          ],
          [
            5600.375,
            -915.488151
          ],
          [
            5592.25,
            -914.238846
          ],
          [
            5584.125,
            -912.61475
          ],
          [
            5578.25,
            -907.61753
          ],
          [
            5572.25,
            -900.496492
          ],
          [
            5569.375,
            -895.998994
          ],
          [
            5565,
            -890.127261
          ],
          [
            5561,
            -887.128929
          ],
          [
            5553,
            -886.379346
          ],
          [
            5543.5,
            -884.005667
          ],
          [
            5535.125,
            -882.38157
          ],
          [
            5523.625,
            -882.131709
          ],
          [
            5517.375,
            -882.756362
          ],
          [
            5509.625,
            -880.507613
          ],
          [
            5498.125,
            -881.382126
          ],
          [
            5491.125,
            -879.383238
          ],
          [
            5481.875,
            -874.261088
          ],
          [
            5472,
            -870.763034
          ],
          [
            5466.375,
            -865.515954
          ],
          [
            5459.25,
            -860.268873
          ],
          [
            5450.5,
            -853.897418
          ],
          [
            5444.75,
            -849.39992
          ],
          [
            5440.875,
            -842.278882
          ],
          [
            5431.375,
            -832.24246
          ],
          [
            5427.25,
            -825.371283
          ],
          [
            5423.375,
            -814.752191
          ],
          [
            5418.75,
            -804.008169
          ],
          [
            5410.375,
            -789.766093
          ],
          [
            5401,
            -774.953783
          ],
          [
            5390,
            -760.833064
          ],
          [
            5385,
            -754.58654
          ],
          [
            5381.25,
            -747.09071
          ],
          [
            5374.5,
            -740.344463
          ],
          [
            5372.75,
            -733.848078
          ],
          [
            5373,
            -720.855306
          ],
          [
            5371.5,
            -715.108504
          ],
          [
            5371,
            -707.612674
          ],
          [
            5374.5,
            -698.117957
          ],
          [
            5380.375,
            -685.187662
          ],
          [
            5386,
            -675.193223
          ],
          [
            5389.5,
            -666.073297
          ],
          [
            5391.375,
            -659.32705
          ],
          [
            5391,
            -652.830664
          ],
          [
            5388,
            -646.084418
          ],
          [
            5382.875,
            -639.338171
          ],
          [
            5374.375,
            -633.091646
          ],
          [
            5368.5,
            -627.844566
          ],
          [
            5362.5,
            -626.095539
          ],
          [
            5350.5,
            -625.845678
          ],
          [
            5342.375,
            -627.719635
          ],
          [
            5331.875,
            -629.093871
          ],
          [
            5323,
            -632.966716
          ],
          [
            5313.25,
            -644.21046
          ],
          [
            5308.125,
            -654.32983
          ],
          [
            5301.375,
            -661.201007
          ],
          [
            5296.125,
            -668.322046
          ],
          [
            5293.375,
            -677.691833
          ],
          [
            5291.125,
            -686.811759
          ],
          [
            5287.875,
            -695.806754
          ],
          [
            5284.375,
            -702.178209
          ],
          [
            5278,
            -710.173761
          ],
          [
            5274.125,
            -712.42251
          ],
          [
            5268,
            -712.922232
          ],
          [
            5263.75,
            -717.919451
          ],
          [
            5257.25,
            -724.290907
          ],
          [
            5251.375,
            -727.78896
          ],
          [
            5244.875,
            -731.911667
          ],
          [
            5240.625,
            -735.659581
          ],
          [
            5234.5,
            -738.033261
          ],
          [
            5232.5,
            -742.280898
          ],
          [
            5227,
            -744.654577
          ],
          [
            5213.875,
            -744.654577
          ],
          [
            5203.375,
            -741.656245
          ],
          [
            5197.75,
            -739.532427
          ],
          [
            5191.25,
            -738.408052
          ],
          [
            5183.5,
            -730.28757
          ],
          [
            5179,
            -724.540768
          ],
          [
            5170.75,
            -720.917783
          ],
          [
            5166.75,
            -713.671815
          ],
          [
            5163.5,
            -702.927792
          ],
          [
            5161.375,
            -692.683492
          ],
          [
            5159.375,
            -680.940025
          ],
          [
            5156.75,
            -670.695725
          ],
          [
            5153.25,
            -662.325382
          ],
          [
            5150.375,
            -652.955595
          ],
          [
            5149.625,
            -642.086642
          ],
          [
            5149.75,
            -630.343176
          ],
          [
            5147.375,
            -618.84957
          ],
          [
            5149,
            -607.106104
          ],
          [
            5151.375,
            -592.739097
          ],
          [
            5155.625,
            -579.746326
          ],
          [
            5158.375,
            -570.501469
          ],
          [
            5161.125,
            -555.50981
          ],
          [
            5162.375,
            -543.766344
          ],
          [
            5163.25,
            -528.150032
          ],
          [
            5162.75,
            -500.540393
          ],
          [
            5162.5,
            -480.238777
          ],
          [
            5164,
            -451.629694
          ],
          [
            5165.75,
            -444.133864
          ],
          [
            5169.25,
            -436.013382
          ],
          [
            5169.75,
            -427.643039
          ],
          [
            5168.125,
            -420.771862
          ],
          [
            5165.125,
            -412.401519
          ],
          [
            5159.625,
            -404.405967
          ],
          [
            5151.5,
            -395.535902
          ],
          [
            5144.875,
            -393.412084
          ],
          [
            5137.375,
            -392.037848
          ],
          [
            5129.125,
            -391.663057
          ],
          [
            5122,
            -390.913474
          ],
          [
            5115.75,
            -388.289933
          ],
          [
            5105,
            -382.4182
          ],
          [
            5096.75,
            -378.795216
          ],
          [
            5088,
            -377.17112
          ],
          [
            5080.875,
            -375.921815
          ],
          [
            5073.75,
            -371.299386
          ],
          [
            5065.75,
            -368.675846
          ],
          [
            5052.75,
            -363.553696
          ],
          [
            5045.375,
            -361.929599
          ],
          [
            5036.625,
            -358.056754
          ],
          [
            5029.75,
            -353.059534
          ],
          [
            5022.25,
            -347.687523
          ],
          [
            5013.75,
            -340.316624
          ],
          [
            5001.875,
            -332.446003
          ],
          [
            4988.375,
            -323.575938
          ],
          [
            4983.25,
            -321.202258
          ],
          [
            4971.625,
            -320.202815
          ],
          [
            4960.375,
            -320.327745
          ],
          [
            4949.875,
            -317.454344
          ],
          [
            4931.625,
            -317.579274
          ],
          [
            4917.375,
            -318.453788
          ],
          [
            4908.375,
            -321.327189
          ],
          [
            4900.125,
            -326.949061
          ],
          [
            4893.75,
            -332.570933
          ],
          [
            4888.125,
            -336.193918
          ],
          [
            4879.875,
            -340.316624
          ],
          [
            4868,
            -338.567597
          ],
          [
            4859.125,
            -335.819126
          ],
          [
            4849.75,
            -331.321628
          ],
          [
            4837.625,
            -329.322741
          ],
          [
            4832.125,
            -325.824687
          ],
          [
            4824.875,
            -321.826911
          ],
          [
            4815.75,
            -320.952398
          ],
          [
            4800,
            -321.70198
          ],
          [
            4783.25,
            -324.325521
          ],
          [
            4769.625,
            -325.574826
          ],
          [
            4759.25,
            -323.201146
          ],
          [
            4747.625,
            -323.700868
          ],
          [
            4741.875,
            -326.6992
          ],
          [
            4732.625,
            -327.448783
          ],
          [
            4724.375,
            -329.447671
          ],
          [
            4712.625,
            -330.072324
          ],
          [
            4699.125,
            -330.821906
          ],
          [
            4686.25,
            -330.821906
          ],
          [
            4678.25,
            -329.572602
          ],
          [
            4668.125,
            -326.199478
          ],
          [
            4658.875,
            -321.327189
          ],
          [
            4651.5,
            -314.830803
          ],
          [
            4642.125,
            -308.334418
          ],
          [
            4632.125,
            -304.586503
          ],
          [
            4623.625,
            -304.711433
          ],
          [
            4612.375,
            -305.336086
          ],
          [
            4604.5,
            -304.586503
          ],
          [
            4595.375,
            -301.33831
          ],
          [
            4585.75,
            -293.467689
          ],
          [
            4577.75,
            -289.840256
          ],
          [
            4569.875,
            -292.213936
          ],
          [
            4561.625,
            -294.087893
          ],
          [
            4549.375,
            -291.089561
          ],
          [
            4535.75,
            -284.218384
          ],
          [
            4525.25,
            -281.594844
          ],
          [
            4516.5,
            -277.721998
          ],
          [
            4505.625,
            -269.851377
          ],
          [
            4492.5,
            -258.357772
          ],
          [
            4481.75,
            -246.864167
          ],
          [
            4473,
            -234.735006
          ],
          [
            4469.5,
            -225.74001
          ],
          [
            4468.25,
            -216.495154
          ],
          [
            4469,
            -202.003216
          ],
          [
            4471.25,
            -192.008777
          ],
          [
            4471,
            -177.51684
          ],
          [
            4469.25,
            -171.020454
          ],
          [
            4468.5,
            -162.275319
          ],
          [
            4467,
            -150.281992
          ],
          [
            4464,
            -142.286441
          ],
          [
            4449,
            -128.044364
          ],
          [
            4435.75,
            -113.802288
          ],
          [
            4422.25,
            -100.309795
          ],
          [
            4412.25,
            -88.316467
          ],
          [
            4402.75,
            -81.32036
          ],
          [
            4395.25,
            -72.825086
          ],
          [
            4383.25,
            -62.830647
          ],
          [
            4371,
            -55.334817
          ],
          [
            4357.75,
            -50.587458
          ],
          [
            4338.75,
            -48.088849
          ],
          [
            4328.25,
            -45.340378
          ],
          [
            4315.25,
            -40.093297
          ],
          [
            4303.25,
            -37.344826
          ],
          [
            4284,
            -32.597467
          ],
          [
            4275,
            -29.848996
          ]
        ],
        "type": "LineString"
      },
      "properties": {
      },
      "type": "Feature"
    },
    {
      "geometry": {
        "coordinates": [
          [
            4741.875,
            -326.6992
          ],
          [
            4747.5,
            -336.634351
          ],
          [
            4750.5,
            -351.62601
          ],
          [
            4753.125,
            -368.116835
          ],
          [
            4758.125,
            -380.110162
          ],
          [
            4760.125,
            -396.975779
          ],
          [
            4759.625,
            -409.84362
          ],
          [
            4757.375,
            -420.337781
          ],
          [
            4753.375,
            -431.956317
          ],
          [
            4749.875,
            -440.701452
          ],
          [
            4746.875,
            -453.194501
          ],
          [
            4743.75,
            -464.813037
          ],
          [
            4741.125,
            -479.804696
          ],
          [
            4735.375,
            -492.422676
          ],
          [
            4726.625,
            -508.538709
          ],
          [
            4718.125,
            -522.031203
          ],
          [
            4713.625,
            -531.276059
          ],
          [
            4708.75,
            -544.268831
          ],
          [
            4703,
            -557.386532
          ],
          [
            4697.625,
            -569.629721
          ],
          [
            4694.25,
            -581.623048
          ],
          [
            4693.875,
            -593.241584
          ],
          [
            4690.125,
            -596.989499
          ],
          [
            4683.125,
            -602.611371
          ],
          [
            4675.875,
            -611.481436
          ],
          [
            4670.25,
            -620.976154
          ],
          [
            4665.875,
            -631.470315
          ],
          [
            4660.25,
            -641.589685
          ],
          [
            4658.125,
            -648.960584
          ],
          [
            4653.125,
            -654.707387
          ],
          [
            4651.5,
            -658.705163
          ],
          [
            4651.5,
            -669.948907
          ],
          [
            4649.25,
            -674.946127
          ],
          [
            4642.125,
            -681.692373
          ],
          [
            4634.75,
            -689.937786
          ],
          [
            4628.875,
            -697.808407
          ],
          [
            4626.625,
            -703.805071
          ],
          [
            4626.875,
            -712.924997
          ],
          [
            4634.75,
            -721.919992
          ],
          [
            4651.75,
            -739.1604
          ],
          [
            4662.125,
            -749.904423
          ],
          [
            4676.875,
            -770.018232
          ],
          [
            4684.5,
            -778.638436
          ],
          [
            4684.5,
            -843.352432
          ],
          [
            4687.875,
            -852.097566
          ],
          [
            4694.375,
            -860.71777
          ],
          [
            4696.5,
            -878.707761
          ]
        ],
        "type": "LineString"
      },
      "properties": {
      },
      "type": "Feature"
    },
    {
      "geometry": {
        "coordinates": [
          [
            4651.75,
            -739.1604
          ],
          [
            4638.5,
            -754.765365
          ],
          [
            4623.5,
            -785.498266
          ],
          [
            4622.75,
            -799.490481
          ]
        ],
        "type": "LineString"
      },
      "properties": {
      },
      "type": "Feature"
    },
    {
      "geometry": {
        "coordinates": [
          [
            1104.125,
            -3055.975709
          ],
          [
            1103.875,
            -3032.113985
          ],
          [
            1108.375,
            -3024.368295
          ],
          [
            1115.5,
            -3014.873577
          ]
        ],
        "type": "LineString"
      },
      "properties": {
      },
      "type": "Feature"
    },
    {
      "geometry": {
        "coordinates": [
          [
            1088.375,
            -3044.607034
          ],
          [
            1093.375,
            -3032.613707
          ],
          [
            1103.875,
            -3032.113985
          ]
        ],
        "type": "LineString"
      },
      "properties": {
      },
      "type": "Feature"
    },
    {
      "geometry": {
        "coordinates": [
          [
            1077.625,
            -3040.98405
          ],
          [
            1077.375,
            -3028.740862
          ],
          [
            1089.25,
            -3028.740862
          ],
          [
            1093.375,
            -3032.613707
          ]
        ],
        "type": "LineString"
      },
      "properties": {
      },
      "type": "Feature"
    },
    {
      "geometry": {
        "coordinates": [
          [
            1106.554043,
            -3027.502643
          ],
          [
            1096.75,
            -3020.370519
          ]
        ],
        "type": "LineString"
      },
      "properties": {
      },
      "type": "Feature"
    },
	    {
      "geometry": {
        "coordinates": [
          [
            2085.59294,
            -2084.307755
          ],
          [
            2085.960597,
            -1917.46816
          ],
          [
            2090.729985,
            -1917.981805
          ],
          [
            2099.103485,
            -1915.483227
          ],
          [
            2108.101873,
            -1910.860857
          ],
          [
            2115.60053,
            -1904.489483
          ],
          [
            2121.84941,
            -1896.244175
          ],
          [
            2123.224164,
            -1891.371947
          ],
          [
            2122.974209,
            -1884.625786
          ],
          [
            2126.848515,
            -1876.255549
          ],
          [
            2133.097395,
            -1868.385027
          ],
          [
            2135.346992,
            -1862.888155
          ],
          [
            2139.096321,
            -1855.767207
          ],
          [
            2145.595157,
            -1855.142562
          ],
          [
            2154.093634,
            -1844.648534
          ],
          [
            2162.467134,
            -1842.399813
          ],
          [
            2173.340186,
            -1837.277728
          ],
          [
            2176.964537,
            -1828.407775
          ],
          [
            2181.088798,
            -1821.911472
          ],
          [
            2190.212164,
            -1817.039244
          ],
          [
            2202.834903,
            -1812.167017
          ],
          [
            2212.708134,
            -1810.418012
          ],
          [
            2222.706343,
            -1804.046637
          ],
          [
            2229.330157,
            -1795.176685
          ],
          [
            2236.828813,
            -1785.432229
          ],
          [
            2237.828634,
            -1777.061992
          ],
          [
            2237.703657,
            -1764.194314
          ],
          [
            2241.452985,
            -1751.076778
          ],
          [
            2244.577425,
            -1740.332892
          ],
          [
            2247.701866,
            -1725.341423
          ],
          [
            2246.702045,
            -1715.097252
          ],
          [
            2246.452089,
            -1702.979147
          ],
          [
            2248.701686,
            -1692.110332
          ],
          [
            2252.575992,
            -1683.11545
          ],
          [
            2254.950567,
            -1677.36872
          ],
          [
            2256.700254,
            -1667.499336
          ],
          [
            2259.074828,
            -1654.756587
          ],
          [
            2258.949851,
            -1646.886066
          ],
          [
            2264.573843,
            -1644.137629
          ],
          [
            2274.072142,
            -1642.013838
          ],
          [
            2276.696672,
            -1635.642463
          ],
          [
            2276.196761,
            -1626.89744
          ],
          [
            2277.071604,
            -1615.528909
          ],
          [
            2276.946627,
            -1610.906539
          ],
          [
            2276.946627,
            -1605.534596
          ],
          [
            2274.69703,
            -1601.037155
          ],
          [
            2273.447254,
            -1590.668055
          ],
          [
            2275.446895,
            -1579.424453
          ],
          [
            2278.946269,
            -1571.054216
          ],
          [
            2284.445283,
            -1565.182557
          ],
          [
            2292.818783,
            -1560.685116
          ],
          [
            2304.441701,
            -1555.563031
          ],
          [
            2311.690403,
            -1548.941798
          ],
          [
            2318.314216,
            -1539.072414
          ],
          [
            2325.187985,
            -1530.702177
          ],
          [
            2338.310634,
            -1517.209855
          ],
          [
            2340.310276,
            -1509.839049
          ],
          [
            2346.809112,
            -1500.344451
          ],
          [
            2350.683418,
            -1489.225778
          ],
          [
            2352.68306,
            -1479.731181
          ],
          [
            2357.557186,
            -1474.359238
          ],
          [
            2363.056201,
            -1466.113929
          ],
          [
            2363.556112,
            -1459.867484
          ],
          [
            2363.306157,
            -1450.747673
          ],
          [
            2353.056694,
            -1450.370256
          ],
          [
            2346.057948,
            -1448.871109
          ],
          [
            2340.059022,
            -1444.123811
          ],
          [
            2333.935119,
            -1436.253289
          ],
          [
            2326.06153,
            -1431.256133
          ],
          [
            2314.438612,
            -1425.009687
          ],
          [
            2308.064754,
            -1420.512246
          ],
          [
            2303.065649,
            -1416.014805
          ],
          [
            2301.066007,
            -1409.268644
          ],
          [
            2299.691254,
            -1400.773478
          ],
          [
            2300.066186,
            -1392.653099
          ],
          [
            2304.815336,
            -1388.405516
          ],
          [
            2307.939776,
            -1382.283999
          ],
          [
            2309.81444,
            -1377.036985
          ],
          [
            2309.564485,
            -1368.167032
          ],
          [
            2307.439866,
            -1358.422577
          ],
          [
            2306.065112,
            -1351.051771
          ],
          [
            2304.940313,
            -1342.056889
          ],
          [
            2301.565918,
            -1333.561723
          ],
          [
            2299.691254,
            -1328.439638
          ],
          [
            2301.315963,
            -1316.571391
          ],
          [
            2302.565739,
            -1310.824661
          ],
          [
            2301.44094,
            -1295.208547
          ],
          [
            2301.44094,
            -1284.964376
          ],
          [
            2299.066366,
            -1278.84286
          ],
          [
            2293.942283,
            -1267.224471
          ],
          [
            2289.943,
            -1260.103523
          ],
          [
            2283.194209,
            -1252.108072
          ],
          [
            2277.820171,
            -1243.987693
          ],
          [
            2272.946045,
            -1237.49139
          ],
          [
            2269.321694,
            -1228.996223
          ],
          [
            2265.072455,
            -1219.001911
          ],
          [
            2261.198149,
            -1210.256887
          ],
          [
            2256.074067,
            -1201.88665
          ],
          [
            2251.699851,
            -1194.89063
          ],
          [
            2244.576127,
            -1189.018972
          ],
          [
            2239.826977,
            -1185.146175
          ],
          [
            2235.452761,
            -1183.522099
          ],
          [
            2230.953567,
            -1179.399445
          ],
          [
            2223.829843,
            -1169.030346
          ],
          [
            2213.456701,
            -1155.538023
          ],
          [
            2205.833067,
            -1143.669776
          ],
          [
            2197.459567,
            -1131.551672
          ],
          [
            2187.086425,
            -1115.935558
          ],
          [
            2174.231306,
            -1097.720147
          ],
          [
            2163.608209,
            -1083.853038
          ],
          [
            2159.733903,
            -1078.481094
          ],
          [
            2154.234888,
            -1075.108014
          ],
          [
            2147.236142,
            -1073.109151
          ],
          [
            2141.612149,
            -1070.235786
          ],
          [
            2135.613224,
            -1067.237492
          ],
          [
            2124.365239,
            -1060.366402
          ],
          [
            2116.741604,
            -1056.868393
          ],
          [
            2105.868552,
            -1051.996165
          ],
          [
            2097.994963,
            -1047.873511
          ],
          [
            2087.746798,
            -1047.373795
          ],
          [
            2081.247963,
            -1048.248298
          ],
          [
            2063.751097,
            -1048.373227
          ],
          [
            2042.504903,
            -1045.499862
          ],
          [
            2029.132299,
            -1043.251141
          ],
          [
            2014.884851,
            -1041.377208
          ],
          [
            2003.761843,
            -1039.003558
          ],
          [
            1994.263545,
            -1035.630478
          ],
          [
            1987.014843,
            -1031.88261
          ],
          [
            1978.391388,
            -1028.50953
          ],
          [
            1966.393537,
            -1021.888297
          ],
          [
            1960.019679,
            -1019.889435
          ],
          [
            1948.271784,
            -1014.767349
          ],
          [
            1940.648149,
            -1012.018913
          ],
          [
            1932.149672,
            -1007.146686
          ],
          [
            1928.400343,
            -1005.647539
          ],
          [
            1918.777067,
            -998.901377
          ],
          [
            1913.278052,
            -993.529434
          ],
          [
            1911.028455,
            -989.656638
          ],
          [
            1908.653881,
            -985.159197
          ],
          [
            1903.279843,
            -979.162609
          ],
          [
            1899.78047,
            -973.29095
          ],
          [
            1896.031142,
            -965.045642
          ],
          [
            1889.782261,
            -958.174552
          ],
          [
            1886.157911,
            -954.301756
          ],
          [
            1882.908493,
            -944.807158
          ],
          [
            1880.908851,
            -938.185926
          ],
          [
            1880.658896,
            -928.066684
          ],
          [
            1883.03347,
            -916.448295
          ],
          [
            1885.033112,
            -906.70384
          ],
          [
            1887.032754,
            -889.838437
          ],
          [
            1887.532664,
            -879.594266
          ],
          [
            1885.907955,
            -864.602797
          ],
          [
            1883.408403,
            -856.482417
          ],
          [
            1881.908672,
            -848.986683
          ],
          [
            1881.658717,
            -840.741374
          ],
          [
            1882.158627,
            -830.372275
          ],
          [
            1884.783157,
            -819.37853
          ],
          [
            1886.907776,
            -811.508009
          ],
          [
            1888.407508,
            -803.637487
          ],
          [
            1891.531948,
            -798.390473
          ],
          [
            1898.030784,
            -793.893032
          ],
          [
            1908.356798,
            -786.976118
          ],
          [
            1915.230567,
            -779.730241
          ],
          [
            1923.354112,
            -770.73536
          ],
          [
            1930.727791,
            -762.739909
          ],
          [
            1941.100933,
            -754.61953
          ],
          [
            1950.224298,
            -748.498013
          ],
          [
            1957.223045,
            -744.25043
          ],
          [
            1967.721164,
            -737.504269
          ],
          [
            1976.594575,
            -731.382752
          ],
          [
            1982.093589,
            -729.38389
          ],
          [
            1985.716731,
            -723.882539
          ],
          [
            1983.467134,
            -716.636662
          ],
          [
            1980.342694,
            -707.142065
          ],
          [
            1974.593724,
            -692.525382
          ],
          [
            1970.844395,
            -683.5305
          ],
          [
            1968.219866,
            -679.282917
          ],
          [
            1964.84547,
            -672.03704
          ],
          [
            1961.846007,
            -663.541874
          ],
          [
            1956.596948,
            -657.795144
          ],
          [
            1951.472866,
            -647.550974
          ],
          [
            1948.09847,
            -640.679883
          ],
          [
            1945.723895,
            -631.185286
          ],
          [
            1943.474298,
            -615.943959
          ],
          [
            1941.599634,
            -603.451068
          ],
          [
            1939.475015,
            -590.083674
          ],
          [
            1936.725507,
            -583.837228
          ],
          [
            1935.475731,
            -574.46756
          ],
          [
            1934.350933,
            -551.855427
          ],
          [
            1934.850843,
            -544.734479
          ],
          [
            1934.47591,
            -533.365948
          ],
          [
            1931.730254,
            -520.973204
          ],
          [
            1928.730791,
            -514.351971
          ],
          [
            1922.606888,
            -507.730739
          ],
          [
            1917.857739,
            -501.984009
          ],
          [
            1914.483343,
            -495.487706
          ],
          [
            1911.983791,
            -487.867042
          ],
          [
            1909.734194,
            -479.371876
          ],
          [
            1903.235358,
            -469.75235
          ],
          [
            1898.611187,
            -461.257184
          ],
          [
            1895.236791,
            -452.137373
          ],
          [
            1891.862395,
            -445.016425
          ],
          [
            1889.987731,
            -438.020406
          ],
          [
            1886.113425,
            -428.525809
          ],
          [
            1883.363918,
            -422.404292
          ],
          [
            1880.989343,
            -418.406567
          ],
          [
            1878.614769,
            -413.034623
          ],
          [
            1874.240552,
            -406.663249
          ],
          [
            1868.741537,
            -402.915382
          ],
          [
            1864.117366,
            -398.293012
          ],
          [
            1860.617993,
            -394.045429
          ],
          [
            1854.49409,
            -390.547419
          ],
          [
            1844.370903,
            -383.301542
          ],
          [
            1838.871888,
            -378.804102
          ],
          [
            1835.12256,
            -376.930168
          ],
          [
            1831.998119,
            -374.306661
          ],
          [
            1830.623366,
            -368.185144
          ],
          [
            1828.873679,
            -358.440689
          ],
          [
            1826.624082,
            -348.821163
          ],
          [
            1823.499642,
            -340.450925
          ],
          [
            1819.000448,
            -334.704195
          ],
          [
            1812.876545,
            -328.082963
          ],
          [
            1805.752821,
            -322.336233
          ],
          [
            1796.754433,
            -316.089788
          ],
          [
            1789.130799,
            -309.718413
          ],
          [
            1774.356194,
            -297.970858
          ],
          [
            1768.607224,
            -294.098062
          ],
          [
            1762.108388,
            -291.97427
          ],
          [
            1755.984485,
            -290.475123
          ],
          [
            1746.361209,
            -283.97882
          ],
          [
            1738.487619,
            -278.606876
          ],
          [
            1727.364612,
            -271.485928
          ],
          [
            1718.477119,
            -270.100976
          ],
          [
            1713.353037,
            -269.851118
          ],
          [
            1713.727881,
            -152.368748
          ],
          [
            1709.478463,
            -144.870028
          ],
          [
            1704.979269,
            -135.000644
          ],
          [
            1701.979806,
            -126.25562
          ],
          [
            1695.106037,
            -117.635525
          ],
          [
            1689.107112,
            -111.638937
          ],
          [
            1685.357784,
            -104.767847
          ],
          [
            1684.857873,
            -98.146614
          ],
          [
            1679.858769,
            -94.273818
          ],
          [
            1677.609172,
            -89.52652
          ],
          [
            1671.360291,
            -87.402728
          ],
          [
            1663.111769,
            -85.278936
          ],
          [
            1656.987866,
            -83.030216
          ],
          [
            1651.113918,
            -77.033628
          ],
          [
            1647.114634,
            -75.534481
          ],
          [
            1643.115351,
            -69.038178
          ],
          [
            1641.115709,
            -61.167656
          ],
          [
            1636.86647,
            -57.669647
          ],
          [
            1634.24194,
            -54.921211
          ],
          [
            1632.742209,
            -50.298841
          ],
          [
            1631.61741,
            -46.426045
          ],
          [
            1626.993239,
            -43.427751
          ],
          [
            1624.118754,
            -41.678746
          ],
          [
            1623.24391,
            -38.055808
          ],
          [
            1620.619381,
            -33.058651
          ],
          [
            1616.245164,
            -27.186992
          ],
          [
            1614.120545,
            -22.189836
          ],
          [
            1612.370858,
            -19.691257
          ],
          [
            1607.871664,
            -18.691826
          ],
          [
            1603.122515,
            -14.81903
          ],
          [
            1597.498522,
            -7.94794
          ],
          [
            1595.498881,
            -3.200641
          ],
          [
            1593.874172,
            2.671018
          ],
          [
            1589.125022,
            7.668174
          ],
          [
            1583.750985,
            12.290544
          ],
          [
            1580.001657,
            18.162203
          ],
          [
            1572.752955,
            25.533009
          ],
          [
            1566.229895,
            29.656843
          ],
          [
            1557.356485,
            39.401299
          ],
          [
            1552.107425,
            46.897033
          ],
          [
            1544.483791,
            55.392199
          ],
          [
            1537.735,
            60.889072
          ],
          [
            1530.611276,
            68.134948
          ],
          [
            1525.112261,
            74.256465
          ],
          [
            1523.487552,
            79.878266
          ],
          [
            1522.987642,
            87.873717
          ],
          [
            1523.237597,
            93.995233
          ],
          [
            1523.61253,
            102.740257
          ],
          [
            1522.612709,
            113.734001
          ],
          [
            1521.612888,
            123.228599
          ],
          [
            1520.738045,
            138.844713
          ],
          [
            1521.237955,
            156.834476
          ],
          [
            1520.738045,
            166.70386
          ],
          [
            1519.863201,
            173.325093
          ],
          [
            1516.863739,
            179.071823
          ],
          [
            1512.364545,
            184.068979
          ],
          [
            1507.615395,
            189.315993
          ],
          [
            1501.491493,
            192.189358
          ],
          [
            1494.992657,
            194.812866
          ],
          [
            1489.243687,
            198.685662
          ],
          [
            1482.24494,
            203.682818
          ],
          [
            1476.121037,
            206.556183
          ],
          [
            1465.872873,
            208.555046
          ],
          [
            1458.124261,
            210.678837
          ],
          [
            1454.999821,
            213.427274
          ],
          [
            1452.375291,
            213.427274
          ],
          [
            1447.751119,
            212.427842
          ],
          [
            1439.377619,
            209.054762
          ],
          [
            1433.628649,
            206.056468
          ],
          [
            1424.255328,
            204.182534
          ],
          [
            1417.38156,
            201.808885
          ],
          [
            1411.257657,
            198.560733
          ],
          [
            1404.633843,
            196.56187
          ],
          [
            1397.385142,
            192.938932
          ],
          [
            1392.26106,
            192.814003
          ],
          [
            1331.771896,
            192.689074
          ],
          [
            1330.022209,
            197.061586
          ],
          [
            1328.272522,
            202.933245
          ],
          [
            1321.648709,
            207.055899
          ],
          [
            1315.231978,
            209.895754
          ],
          [
            1308.983097,
            214.767981
          ],
          [
            1301.109507,
            218.515849
          ],
          [
            1293.985784,
            218.890635
          ],
          [
            1280.113269,
            218.141062
          ],
          [
            1268.865284,
            216.142199
          ],
          [
            1260.241828,
            214.018408
          ],
          [
            1246.619269,
            213.76855
          ],
          [
            1230.492298,
            215.543214
          ],
          [
            1215.74494,
            217.542076
          ],
          [
            1195.748522,
            223.288806
          ],
          [
            1168.753358,
            230.284825
          ],
          [
            1154.255955,
            233.532977
          ],
          [
            1142.758015,
            239.279707
          ],
          [
            1129.510388,
            245.77601
          ],
          [
            1116.762672,
            247.774873
          ],
          [
            1103.515045,
            251.023025
          ],
          [
            1087.767866,
            255.520466
          ],
          [
            1079.269388,
            257.769186
          ],
          [
            1068.271358,
            257.519328
          ],
          [
            1057.273328,
            254.271176
          ],
          [
            1046.525254,
            249.27402
          ],
          [
            1038.276731,
            239.529565
          ],
          [
            1029.778254,
            235.53184
          ],
          [
            1021.029821,
            232.03383
          ],
          [
            1010.281746,
            227.536389
          ],
          [
            997.53403,
            223.788522
          ],
          [
            981.786851,
            215.793071
          ],
          [
            972.788463,
            212.295062
          ],
          [
            967.289448,
            209.796484
          ],
          [
            959.290881,
            210.795915
          ],
          [
            953.541911,
            215.793071
          ],
          [
            946.293209,
            221.289944
          ],
          [
            937.544776,
            225.037811
          ],
          [
            927.546567,
            230.784541
          ],
          [
            919.298045,
            233.532977
          ],
          [
            908.54997,
            233.283119
          ],
          [
            899.551582,
            226.2871
          ],
          [
            895.802254,
            215.293356
          ],
          [
            894.802433,
            205.049185
          ],
          [
            885.804045,
            199.802171
          ],
          [
            880.30503,
            194.305299
          ],
          [
            879.80512,
            184.061128
          ],
          [
            882.304672,
            176.565393
          ],
          [
            882.554627,
            168.320085
          ],
          [
            878.805299,
            162.073639
          ],
          [
            866.307537,
            153.828331
          ],
          [
            856.809239,
            145.832881
          ],
          [
            846.31112,
            136.088425
          ],
          [
            838.812463,
            127.093544
          ],
          [
            829.814075,
            117.848804
          ],
          [
            820.565732,
            111.352501
          ],
          [
            809.067791,
            105.106055
          ],
          [
            800.069403,
            97.61032
          ],
          [
            792.820702,
            91.363875
          ],
          [
            786.321866,
            82.868709
          ],
          [
            778.323299,
            78.371268
          ],
          [
            771.074597,
            72.37468
          ],
          [
            763.57594,
            63.879514
          ],
          [
            757.82697,
            59.132215
          ],
          [
            748.828582,
            57.133353
          ],
          [
            740.08109,
            58.130794
          ],
          [
            722.084314,
            59.380083
          ],
          [
            707.336955,
            57.631078
          ],
          [
            701.33803,
            61.129088
          ],
          [
            695.089149,
            66.126244
          ],
          [
            687.090582,
            65.876386
          ],
          [
            677.342329,
            66.376102
          ],
          [
            663.594791,
            73.621979
          ],
          [
            658.845642,
            79.868424
          ]
        ],
        "type": "LineString"
      },
      "properties": {
      },
      "type": "Feature"
    },
    {
      "geometry": {
        "coordinates": [
          [
            2085.960597,
            -1917.46816
          ],
          [
            2079.94103,
            -1915.857406
          ],
          [
            2071.692507,
            -1913.10897
          ],
          [
            2065.193671,
            -1915.857406
          ],
          [
            2057.94497,
            -1924.852287
          ],
          [
            2049.946403,
            -1929.349728
          ],
          [
            2040.198149,
            -1930.848875
          ],
          [
            2021.451507,
            -1930.848875
          ],
          [
            2010.453477,
            -1929.349728
          ],
          [
            1994.706298,
            -1925.601861
          ],
          [
            1984.708089,
            -1922.103851
          ],
          [
            1967.961089,
            -1917.606411
          ],
          [
            1960.712388,
            -1913.858543
          ],
          [
            1951.963955,
            -1914.608117
          ],
          [
            1945.96503,
            -1921.354278
          ],
          [
            1935.716866,
            -1929.849444
          ],
          [
            1928.968075,
            -1933.597311
          ],
          [
            1916.220358,
            -1936.845463
          ],
          [
            1896.473895,
            -1934.097027
          ],
          [
            1883.226269,
            -1934.346885
          ],
          [
            1870.978463,
            -1934.346885
          ],
          [
            1856.731015,
            -1932.348022
          ],
          [
            1843.483388,
            -1926.351434
          ],
          [
            1830.985627,
            -1923.103283
          ],
          [
            1813.988672,
            -1919.855131
          ],
          [
            1801.49091,
            -1919.605273
          ],
          [
            1791.492701,
            -1916.606979
          ],
          [
            1780.244716,
            -1907.112382
          ],
          [
            1768.746776,
            -1896.118638
          ],
          [
            1759.748388,
            -1886.873898
          ],
          [
            1751.499866,
            -1873.881291
          ],
          [
            1744.501119,
            -1868.634277
          ],
          [
            1730.003716,
            -1863.387263
          ],
          [
            1721.255284,
            -1857.89039
          ],
          [
            1710.257254,
            -1851.394087
          ],
          [
            1700.758955,
            -1847.146504
          ],
          [
            1694.510075,
            -1839.900627
          ],
          [
            1682.762179,
            -1835.902902
          ],
          [
            1668.764687,
            -1837.152191
          ],
          [
            1656.01697,
            -1837.152191
          ],
          [
            1646.268716,
            -1839.151054
          ],
          [
            1636.770418,
            -1845.647357
          ],
          [
            1625.022522,
            -1850.394656
          ],
          [
            1615.524224,
            -1857.89039
          ],
          [
            1613.274627,
            -1864.386694
          ],
          [
            1613.024672,
            -1902.365083
          ],
          [
            1613.774537,
            -1937.595037
          ],
          [
            1613.774537,
            -1957.333805
          ],
          [
            1613.024672,
            -1971.575701
          ],
          [
            1609.025388,
            -1977.572289
          ],
          [
            1601.026821,
            -1984.568308
          ],
          [
            1591.028612,
            -1995.81191
          ],
          [
            1580.780448,
            -2003.307644
          ],
          [
            1568.532642,
            -2013.551815
          ],
          [
            1558.034522,
            -2020.547834
          ],
          [
            1548.786179,
            -2028.043569
          ],
          [
            1537.788149,
            -2032.291152
          ],
          [
            1526.79012,
            -2036.288877
          ],
          [
            1518.791552,
            -2039.537029
          ],
          [
            1510.293075,
            -2038.28774
          ],
          [
            1502.044552,
            -2038.037882
          ],
          [
            1496.545537,
            -2033.040726
          ],
          [
            1495.545717,
            -2026.294564
          ],
          [
            1498.045269,
            -2021.797123
          ],
          [
            1504.79406,
            -2017.299683
          ],
          [
            1513.042582,
            -2010.553521
          ],
          [
            1517.041866,
            -2004.806791
          ],
          [
            1521.895351,
            -1999.65432
          ],
          [
            1522.645216,
            -1993.033087
          ],
          [
            1525.019791,
            -1986.911571
          ],
          [
            1513.146918,
            -1978.791191
          ],
          [
            1508.023351,
            -1979.292258
          ],
          [
            1505.398821,
            -1980.916334
          ],
          [
            1501.024605,
            -1981.166191
          ],
          [
            1497.650209,
            -1983.040125
          ],
          [
            1497.150299,
            -1988.786855
          ],
          [
            1490.151552,
            -1989.036713
          ]
        ],
        "type": "LineString"
      },
      "properties": {
      },
      "type": "Feature"
    },
    {
      "geometry": {
        "coordinates": [
          [
            1513.146918,
            -1978.791191
          ],
          [
            1514.647164,
            -1975.044675
          ],
          [
            1514.022276,
            -1966.924295
          ],
          [
            1512.147612,
            -1963.801073
          ],
          [
            1507.648418,
            -1962.676712
          ],
          [
            1507.52344,
            -1954.181546
          ]
        ],
        "type": "LineString"
      },
      "properties": {
      },
      "type": "Feature"
    },
    {
      "geometry": {
        "coordinates": [
          [
            2363.306157,
            -1450.747673
          ],
          [
            2370.484082,
            -1449.471995
          ],
          [
            2376.483007,
            -1450.09664
          ],
          [
            2388.230903,
            -1455.968299
          ],
          [
            2407.227366,
            -1472.33356
          ],
          [
            2422.849567,
            -1487.075171
          ],
          [
            2437.221992,
            -1494.695835
          ],
          [
            2454.218948,
            -1509.06266
          ],
          [
            2473.215545,
            -1525.553276
          ],
          [
            2490.962366,
            -1541.419248
          ],
          [
            2505.834701,
            -1559.034225
          ],
          [
            2513.415776,
            -1565.561483
          ]
        ],
        "type": "LineString"
      },
      "properties": {
      },
      "type": "Feature"
    },
    {
      "geometry": {
        "coordinates": [
          [
            3524.474478,
            -1581.942711
          ],
          [
            3529.223627,
            -1575.19655
          ],
          [
            3538.971881,
            -1564.702521
          ],
          [
            3545.220761,
            -1554.958066
          ],
          [
            3550.969731,
            -1553.209061
          ],
          [
            3556.218791,
            -1551.959772
          ],
          [
            3558.968298,
            -1545.963184
          ],
          [
            3562.467672,
            -1540.966028
          ],
          [
            3569.232269,
            -1535.359436
          ],
          [
            3573.606485,
            -1535.359436
          ],
          [
            3596.477388,
            -1535.109578
          ],
          [
            3617.473627,
            -1535.359436
          ],
          [
            3642.094216,
            -1534.984649
          ],
          [
            3657.841395,
            -1533.73536
          ],
          [
            3673.588575,
            -1530.986924
          ],
          [
            3685.83638,
            -1527.363985
          ],
          [
            3696.959388,
            -1520.243037
          ],
          [
            3707.957418,
            -1508.374791
          ]
        ],
        "type": "LineString"
      },
      "properties": {
      },
      "type": "Feature"
    },
    {
      "geometry": {
        "coordinates": [
          [
            3566.979358,
            -1576.213749
          ],
          [
            3562.230209,
            -1571.091664
          ],
          [
            3557.606037,
            -1566.469294
          ],
          [
            3554.606575,
            -1559.848062
          ],
          [
            3556.218791,
            -1551.959772
          ]
        ],
        "type": "LineString"
      },
      "properties": {
      },
      "type": "Feature"
    },
    {
      "geometry": {
        "coordinates": [
          [
            3569.232269,
            -1535.359436
          ],
          [
            3572.969104,
            -1530.445697
          ],
          [
            3575.718612,
            -1524.449109
          ],
          [
            3577.218343,
            -1516.453658
          ],
          [
            3576.968388,
            -1465.482662
          ],
          [
            3575.719373,
            -1417.19001
          ],
          [
            3550.723851,
            -1416.190578
          ],
          [
            3551.723672,
            -1381.710199
          ],
          [
            3530.977388,
            -1381.460341
          ],
          [
            3530.727433,
            -1361.97143
          ],
          [
            3534.476761,
            -1353.476264
          ],
          [
            3541.725463,
            -1345.98053
          ],
          [
            3546.474612,
            -1343.481951
          ],
          [
            3546.113224,
            -1332.871094
          ],
          [
            3548.987709,
            -1326.749577
          ],
          [
            3553.736858,
            -1317.504838
          ],
          [
            3556.986276,
            -1310.134032
          ],
          [
            3560.610627,
            -1308.260098
          ],
          [
            3602.478127,
            -1308.509956
          ],
          [
            3604.977679,
            -1309.134601
          ],
          [
            3614.725933,
            -1297.76607
          ],
          [
            3621.599701,
            -1291.269766
          ],
          [
            3628.098537,
            -1296.891567
          ],
          [
            3634.972306,
            -1305.386733
          ],
          [
            3642.970873,
            -1315.755833
          ],
          [
            3648.469888,
            -1325.25043
          ],
          [
            3648.969798,
            -1335.119814
          ],
          [
            3648.34491,
            -1346.488345
          ],
          [
            3648.720224,
            -1371.969436
          ],
          [
            3648.220313,
            -1378.340811
          ],
          [
            3646.595604,
            -1389.334555
          ],
          [
            3645.720761,
            -1396.205645
          ],
          [
            3637.347261,
            -1403.70138
          ],
          [
            3631.848246,
            -1411.197115
          ],
          [
            3624.474567,
            -1421.441285
          ],
          [
            3620.600261,
            -1430.935883
          ],
          [
            3615.226224,
            -1433.809248
          ],
          [
            3610.227119,
            -1445.427637
          ],
          [
            3603.728284,
            -1453.548016
          ],
          [
            3601.478687,
            -1458.670101
          ],
          [
            3601.478687,
            -1465.791049
          ],
          [
            3604.853082,
            -1472.787068
          ],
          [
            3607.602589,
            -1483.156168
          ],
          [
            3608.477433,
            -1492.775694
          ],
          [
            3609.852187,
            -1503.394652
          ],
          [
            3612.476716,
            -1510.5156
          ],
          [
            3616.101067,
            -1517.511619
          ],
          [
            3617.475821,
            -1526.381572
          ],
          [
            3617.473627,
            -1535.359436
          ],
          [
            3617.225866,
            -1544.99598
          ]
        ],
        "type": "LineString"
      },
      "properties": {
      },
      "type": "Feature"
    },
    {
      "geometry": {
        "coordinates": [
          [
            3576.968388,
            -1465.482662
          ],
          [
            3601.478687,
            -1465.791049
          ]
        ],
        "type": "LineString"
      },
      "properties": {
      },
      "type": "Feature"
    },
    {
      "geometry": {
        "coordinates": [
          [
            3550.857448,
            -1443.839815
          ],
          [
            3550.723851,
            -1416.190578
          ],
          [
            3532.110806,
            -1416.730241
          ]
        ],
        "type": "LineString"
      },
      "properties": {
      },
      "type": "Feature"
    },
    {
      "geometry": {
        "coordinates": [
          [
            3576.956433,
            -1289.824507
          ],
          [
            3576.95319,
            -1308.357628
          ],
          [
            3576.956433,
            -1345.043087
          ],
          [
            3562.855679,
            -1346.645477
          ],
          [
            3554.482179,
            -1349.643771
          ],
          [
            3546.474612,
            -1343.481951
          ]
        ],
        "type": "LineString"
      },
      "properties": {
      },
      "type": "Feature"
    },
    {
      "geometry": {
        "coordinates": [
          [
            3554.482179,
            -1349.643771
          ],
          [
            3562.230791,
            -1361.012302
          ],
          [
            3569.10456,
            -1372.75562
          ],
          [
            3569.979403,
            -1382.000359
          ],
          [
            3551.723672,
            -1381.710199
          ]
        ],
        "type": "LineString"
      },
      "properties": {
      },
      "type": "Feature"
    },
    {
      "geometry": {
        "coordinates": [
          [
            3569.979403,
            -1382.000359
          ],
          [
            3580.102589,
            -1385.123582
          ],
          [
            3592.475373,
            -1402.238843
          ],
          [
            3604.223269,
            -1418.479602
          ],
          [
            3615.226224,
            -1433.809248
          ]
        ],
        "type": "LineString"
      },
      "properties": {
      },
      "type": "Feature"
    },
    {
      "geometry": {
        "coordinates": [
          [
            3580.102589,
            -1385.123582
          ],
          [
            3586.851381,
            -1382.250217
          ],
          [
            3602.348604,
            -1382.250217
          ],
          [
            3610.347172,
            -1385.498369
          ],
          [
            3615.471254,
            -1388.246805
          ],
          [
            3620.970269,
            -1387.122445
          ],
          [
            3624.719597,
            -1379.62671
          ],
          [
            3626.719239,
            -1370.132113
          ],
          [
            3627.094172,
            -1360.512586
          ],
          [
            3628.593903,
            -1352.142349
          ],
          [
            3628.21897,
            -1346.145761
          ],
          [
            3622.095067,
            -1346.395619
          ],
          [
            3612.721746,
            -1346.520548
          ],
          [
            3606.847798,
            -1346.645477
          ],
          [
            3602.348604,
            -1346.645477
          ],
          [
            3595.474836,
            -1346.020832
          ],
          [
            3585.976537,
            -1345.14633
          ],
          [
            3576.956433,
            -1345.043087
          ],
          [
            3577.353082,
            -1375.753914
          ],
          [
            3577.603037,
            -1380.626141
          ]
        ],
        "type": "LineString"
      },
      "properties": {
      },
      "type": "Feature"
    },
    {
      "geometry": {
        "coordinates": [
          [
            3602.348604,
            -1382.250217
          ],
          [
            3602.348604,
            -1346.645477
          ],
          [
            3602.348604,
            -1333.527941
          ],
          [
            3602.098649,
            -1317.412112
          ],
          [
            3603.223448,
            -1312.539884
          ],
          [
            3604.977679,
            -1309.134601
          ],
          [
            3610.722104,
            -1314.288889
          ],
          [
            3616.471075,
            -1321.409837
          ],
          [
            3620.970269,
            -1330.654576
          ],
          [
            3625.09453,
            -1339.149742
          ],
          [
            3628.21897,
            -1346.145761
          ],
          [
            3648.34491,
            -1346.488345
          ]
        ],
        "type": "LineString"
      },
      "properties": {
      },
      "type": "Feature"
    },
    {
      "geometry": {
        "coordinates": [
          [
            3577.603037,
            -1380.626141
          ],
          [
            3577.679507,
            -1384.376008
          ],
          [
            3576.978149,
            -1392.494388
          ],
          [
            3575.35344,
            -1399.240549
          ],
          [
            3572.978866,
            -1403.363203
          ]
        ],
        "type": "LineString"
      },
      "properties": {
      },
      "type": "Feature"
    },
    {
      "geometry": {
        "coordinates": [
          [
            4362.214537,
            -1208.95508
          ],
          [
            4355.715701,
            -1221.198114
          ],
          [
            4346.467358,
            -1236.189583
          ],
          [
            4334.469507,
            -1241.18674
          ],
          [
            4330.720179,
            -1251.181053
          ],
          [
            4325.721075,
            -1266.922096
          ],
          [
            4314.473089,
            -1279.414987
          ],
          [
            4294.976582,
            -1291.907878
          ],
          [
            4280.229224,
            -1301.152618
          ],
          [
            4266.981597,
            -1300.403044
          ],
          [
            4247.238,
            -1301.904039
          ],
          [
            4229.741134,
            -1299.155603
          ],
          [
            4208.994851,
            -1287.662143
          ],
          [
            4195.747224,
            -1274.419679
          ],
          [
            4177.250537,
            -1261.67693
          ],
          [
            4155.504433,
            -1246.935318
          ],
          [
            4148.005776,
            -1238.69001
          ],
          [
            4137.507657,
            -1230.944417
          ],
          [
            4121.010612,
            -1227.19655
          ],
          [
            4100.514284,
            -1227.19655
          ],
          [
            4083.517328,
            -1226.946692
          ],
          [
            4072.519299,
            -1218.701384
          ],
          [
            4055.272388,
            -1214.203943
          ],
          [
            4035.525925,
            -1209.95636
          ],
          [
            4019.278836,
            -1212.454938
          ],
          [
            4005.531299,
            -1217.701952
          ],
          [
            3990.034075,
            -1238.190294
          ],
          [
            3982.035508,
            -1249.184038
          ],
          [
            3977.786269,
            -1260.177783
          ],
          [
            3969.037836,
            -1269.422522
          ],
          [
            3960.039448,
            -1280.166409
          ],
          [
            3946.791821,
            -1286.662712
          ],
          [
            3936.793612,
            -1295.907452
          ],
          [
            3925.295672,
            -1319.643945
          ],
          [
            3921.296388,
            -1338.383282
          ],
          [
            3907.548851,
            -1366.617216
          ],
          [
            3901.29997,
            -1382.358259
          ],
          [
            3894.551179,
            -1393.102145
          ],
          [
            3886.802567,
            -1399.598449
          ],
          [
            3877.804179,
            -1400.348022
          ],
          [
            3871.305343,
            -1392.852287
          ],
          [
            3864.556552,
            -1383.857406
          ],
          [
            3852.058791,
            -1375.861955
          ],
          [
            3838.311254,
            -1367.366789
          ],
          [
            3826.063448,
            -1359.121481
          ],
          [
            3812.065955,
            -1351.126031
          ],
          [
            3796.818687,
            -1345.129443
          ],
          [
            3782.571239,
            -1341.381576
          ],
          [
            3773.572851,
            -1342.131149
          ],
          [
            3761.07509,
            -1345.129443
          ],
          [
            3750.57697,
            -1348.87731
          ],
          [
            3741.578582,
            -1352.125462
          ],
          [
            3738.57912,
            -1362.619491
          ],
          [
            3741.328627,
            -1381.358828
          ],
          [
            3744.078135,
            -1404.595605
          ],
          [
            3744.078135,
            -1424.334373
          ],
          [
            3741.578582,
            -1437.077122
          ],
          [
            3734.579836,
            -1448.070867
          ],
          [
            3722.581985,
            -1465.810772
          ],
          [
            3715.583239,
            -1486.049256
          ],
          [
            3711.334,
            -1499.041863
          ],
          [
            3707.957418,
            -1508.374791
          ]
        ],
        "type": "LineString"
      },
      "properties": {
      },
      "type": "Feature"
    },
    {
      "geometry": {
        "coordinates": [
          [
            2621.632545,
            -1886.141706
          ],
          [
            2637.875224,
            -1887.751351
          ],
          [
            2649.125134,
            -1895.001351
          ],
          [
            2661.99653,
            -1910.872654
          ],
          [
            2681.030582,
            -1932.719391
          ],
          [
            2691.778657,
            -1943.21342
          ],
          [
            2706.026105,
            -1956.705742
          ],
          [
            2712.774896,
            -1960.953325
          ],
          [
            2719.523687,
            -1968.948776
          ],
          [
            2725.272657,
            -1972.446785
          ],
          [
            2737.770418,
            -1972.946501
          ],
          [
            2749.018403,
            -1978.193515
          ],
          [
            2754.767373,
            -1982.441098
          ],
          [
            2758.266746,
            -1983.44053
          ],
          [
            2767.015179,
            -1985.939108
          ],
          [
            2771.264418,
            -1987.438255
          ],
          [
            2779.262985,
            -1986.438824
          ],
          [
            2790.261015,
            -1986.938539
          ],
          [
            2802.258866,
            -1990.686407
          ],
          [
            2817.506134,
            -1990.436549
          ],
          [
            2830.253851,
            -1988.187828
          ],
          [
            2842.952448,
            -1985.646882
          ],
          [
            2852.450746,
            -1983.398161
          ],
          [
            2860.449313,
            -1983.897877
          ],
          [
            2867.698015,
            -1991.393612
          ],
          [
            2874.696761,
            -1998.389631
          ],
          [
            2882.945283,
            -2001.88764
          ],
          [
            2895.942955,
            -2001.637783
          ],
          [
            2907.940806,
            -2003.886503
          ],
          [
            2914.689597,
            -2008.633802
          ],
          [
            2930.436776,
            -2008.383944
          ],
          [
            2962.930955,
            -2008.633802
          ],
          [
            2982.9775,
            -2008.820029
          ],
          [
            3004.723604,
            -2004.697375
          ],
          [
            3023.970157,
            -2004.447517
          ],
          [
            3045.966216,
            -2009.444673
          ],
          [
            3063.838015,
            -2009.569602
          ],
          [
            3072.711425,
            -2015.816048
          ],
          [
            3082.209724,
            -2017.565053
          ],
          [
            3090.333269,
            -2028.433868
          ],
          [
            3096.471657,
            -2039.654417
          ]
        ],
        "type": "LineString"
      },
      "properties": {
      },
      "type": "Feature"
    },
    {
      "geometry": {
        "coordinates": [
          [
            2758.266746,
            -1983.44053
          ],
          [
            2759.109261,
            -1976.576213
          ],
          [
            2762.483657,
            -1967.956118
          ],
          [
            2762.983567,
            -1961.584744
          ],
          [
            2765.608097,
            -1954.213938
          ],
          [
            2765.858052,
            -1948.342279
          ],
          [
            2764.608276,
            -1941.471189
          ],
          [
            2763.608455,
            -1937.848251
          ],
          [
            2760.983925,
            -1935.59953
          ],
          [
            2756.484731,
            -1934.600099
          ],
          [
            2741.36244,
            -1935.59953
          ],
          [
            2732.614007,
            -1933.850525
          ],
          [
            2728.739701,
            -1932.601236
          ],
          [
            2724.365485,
            -1934.350241
          ],
          [
            2718.250246,
            -1941.003697
          ],
          [
            2715.500201,
            -1946.877204
          ],
          [
            2714.874866,
            -1956.12372
          ],
          [
            2712.774896,
            -1960.953325
          ]
        ],
        "type": "LineString"
      },
      "properties": {
      },
      "type": "Feature"
    },
    {
      "geometry": {
        "coordinates": [
          [
            2728.739701,
            -1932.601236
          ],
          [
            2730.114455,
            -1928.228724
          ],
          [
            2729.874821,
            -1922.375142
          ],
          [
            2727.750157,
            -1917.00128
          ],
          [
            2727.250425,
            -1910.257038
          ]
        ],
        "type": "LineString"
      },
      "properties": {
      },
      "type": "Feature"
    },
    {
      "geometry": {
        "coordinates": [
          [
            2741.36244,
            -1935.59953
          ],
          [
            2741.612395,
            -1941.845976
          ],
          [
            2741.487418,
            -1948.092421
          ],
          [
            2738.612933,
            -1952.464933
          ],
          [
            2736.238358,
            -1957.46209
          ],
          [
            2735.760241,
            -1972.866125
          ]
        ],
        "type": "LineString"
      },
      "properties": {
      },
      "type": "Feature"
    },
    {
      "geometry": {
        "coordinates": [
          [
            2758.266746,
            -1983.44053
          ],
          [
            2756.859664,
            -1988.944176
          ],
          [
            2756.484731,
            -1995.565408
          ],
          [
            2754.110157,
            -2003.061143
          ],
          [
            2750.985716,
            -2008.058299
          ],
          [
            2750.735761,
            -2014.679532
          ],
          [
            2754.610067,
            -2022.674982
          ],
          [
            2759.359216,
            -2025.548347
          ],
          [
            2769.10747,
            -2028.546641
          ],
          [
            2779.230657,
            -2031.170148
          ],
          [
            2784.229761,
            -2035.917447
          ],
          [
            2791.60344,
            -2038.291096
          ],
          [
            2801.601649,
            -2038.416025
          ],
          [
            2809.975149,
            -2043.53811
          ],
          [
            2813.974433,
            -2045.661902
          ],
          [
            2823.472731,
            -2047.285978
          ],
          [
            2832.721075,
            -2046.036689
          ]
        ],
        "type": "LineString"
      },
      "properties": {
      },
      "type": "Feature"
    },
    {
      "geometry": {
        "coordinates": [
          [
            2725.272657,
            -1972.446785
          ],
          [
            2725.365306,
            -1978.450147
          ],
          [
            2723.615619,
            -1986.19574
          ],
          [
            2718.116604,
            -1992.941901
          ],
          [
            2721.740955,
            -1998.938489
          ],
          [
            2726.74006,
            -2004.310432
          ],
          [
            2731.989119,
            -2009.432517
          ],
          [
            2738.987866,
            -2012.805598
          ],
          [
            2744.236925,
            -2011.056593
          ],
          [
            2750.985716,
            -2008.058299
          ]
        ],
        "type": "LineString"
      },
      "properties": {
      },
      "type": "Feature"
    },
    {
      "geometry": {
        "coordinates": [
          [
            2777.983813,
            -1956.955905
          ],
          [
            2770.86009,
            -1956.081403
          ],
          [
            2765.608097,
            -1954.213938
          ]
        ],
        "type": "LineString"
      },
      "properties": {
      },
      "type": "Feature"
    },
    {
      "geometry": {
        "coordinates": [
          [
            2280.855455,
            -1628.66375
          ],
          [
            2276.196761,
            -1626.89744
          ]
        ],
        "type": "LineString"
      },
      "properties": {
      },
      "type": "Feature"
    },
    {
      "geometry": {
        "coordinates": [
          [
            2304.726179,
            -1610.424129
          ],
          [
            2295.602813,
            -1610.174271
          ],
          [
            2292.603351,
            -1610.174271
          ],
          [
            2289.853843,
            -1610.174271
          ],
          [
            2288.979,
            -1614.047067
          ],
          [
            2286.35447,
            -1615.421285
          ],
          [
            2282.230209,
            -1615.171428
          ],
          [
            2278.980791,
            -1613.172565
          ],
          [
            2276.946627,
            -1610.906539
          ],
          [
            2272.232,
            -1610.2992
          ],
          [
            2265.233254,
            -1609.299769
          ],
          [
            2261.23397,
            -1606.676262
          ],
          [
            2257.734597,
            -1608.550195
          ],
          [
            2254.360201,
            -1609.424698
          ]
        ],
        "type": "LineString"
      },
      "properties": {
      },
      "type": "Feature"
    },
    {
      "geometry": {
        "coordinates": [
          [
            2266.48303,
            -1600.929532
          ],
          [
            2261.858858,
            -1603.927826
          ],
          [
            2261.23397,
            -1606.676262
          ]
        ],
        "type": "LineString"
      },
      "properties": {
      },
      "type": "Feature"
    },
    {
      "geometry": {
        "coordinates": [
          [
            2298.852231,
            -1618.669437
          ],
          [
            2295.977746,
            -1616.04593
          ],
          [
            2292.978284,
            -1612.672849
          ],
          [
            2292.603351,
            -1610.174271
          ]
        ],
        "type": "LineString"
      },
      "properties": {
      },
      "type": "Feature"
    },
    {
      "geometry": {
        "coordinates": [
          [
            2298.477298,
            -1601.054461
          ],
          [
            2296.852589,
            -1603.677968
          ],
          [
            2292.978284,
            -1606.301475
          ],
          [
            2292.603351,
            -1610.174271
          ]
        ],
        "type": "LineString"
      },
      "properties": {
      },
      "type": "Feature"
    },
    {
      "geometry": {
        "coordinates": [
          [
            2289.853843,
            -1610.174271
          ],
          [
            2289.103978,
            -1607.051048
          ],
          [
            2285.604604,
            -1605.052186
          ],
          [
            2281.605321,
            -1605.052186
          ],
          [
            2278.855813,
            -1607.300906
          ],
          [
            2276.946627,
            -1610.906539
          ]
        ],
        "type": "LineString"
      },
      "properties": {
      },
      "type": "Feature"
    },
    {
      "geometry": {
        "coordinates": [
          [
            2282.855097,
            -1593.05901
          ],
          [
            2282.105231,
            -1595.807446
          ],
          [
            2280.230567,
            -1600.554745
          ],
          [
            2279.230746,
            -1603.553039
          ],
          [
            2276.946627,
            -1605.534596
          ]
        ],
        "type": "LineString"
      },
      "properties": {
      },
      "type": "Feature"
    },
    {
      "geometry": {
        "coordinates": [
          [
            1985.716731,
            -723.882539
          ],
          [
            1988.979201,
            -728.739032
          ],
          [
            1987.854403,
            -733.111544
          ],
          [
            1988.854224,
            -741.356852
          ],
          [
            1990.228978,
            -751.476094
          ],
          [
            1990.228978,
            -762.469838
          ],
          [
            1988.104358,
            -772.214293
          ],
          [
            1988.104358,
            -782.083678
          ],
          [
            1989.354134,
            -785.831545
          ],
          [
            1993.853328,
            -788.829839
          ],
          [
            1997.352701,
            -789.82927
          ],
          [
            2000.352164,
            -792.077991
          ],
          [
            1999.852254,
            -801.197801
          ],
          [
            1997.977589,
            -805.820171
          ],
          [
            1993.853328,
            -810.067754
          ],
          [
            1990.853866,
            -814.440266
          ],
          [
            1990.728888,
            -826.433441
          ],
          [
            1993.353418,
            -832.3051
          ],
          [
            1996.852791,
            -838.801404
          ],
          [
            1999.602298,
            -842.924058
          ],
          [
            2005.226291,
            -846.297139
          ],
          [
            2010.225395,
            -850.045006
          ],
          [
            2015.474455,
            -851.044437
          ],
          [
            2021.473381,
            -851.294295
          ],
          [
            2029.721903,
            -850.294864
          ],
          [
            2036.220739,
            -848.171072
          ],
          [
            2042.719575,
            -847.921214
          ],
          [
            2059.591552,
            -848.046143
          ],
          [
            2074.213933,
            -848.046143
          ],
          [
            2083.212321,
            -847.546428
          ],
          [
            2087.336582,
            -844.548134
          ],
          [
            2090.211067,
            -838.676475
          ],
          [
            2090.336045,
            -836.677612
          ],
          [
            2103.833627,
            -838.426617
          ],
          [
            2121.705425,
            -838.301688
          ],
          [
            2121.830403,
            -841.924627
          ],
          [
            2122.080358,
            -847.921214
          ],
          [
            2124.454933,
            -853.917802
          ],
          [
            2128.454216,
            -858.040456
          ],
          [
            2131.203724,
            -860.039319
          ],
          [
            2138.952336,
            -860.539035
          ],
          [
            2145.451172,
            -859.539603
          ],
          [
            2154.199604,
            -860.164248
          ],
          [
            2159.823597,
            -859.91439
          ],
          [
            2163.073015,
            -858.540172
          ],
          [
            2164.447769,
            -855.791736
          ],
          [
            2164.322791,
            -851.294295
          ],
          [
            2164.322791,
            -834.803679
          ],
          [
            2172.821269,
            -835.053536
          ],
          [
            2181.069791,
            -833.804247
          ],
          [
            2182.6945,
            -829.431735
          ],
          [
            2184.444186,
            -823.560076
          ],
          [
            2186.818761,
            -817.063773
          ],
          [
            2189.943201,
            -812.441403
          ],
          [
            2193.69253,
            -808.693536
          ],
          [
            2198.941589,
            -804.945669
          ],
          [
            2204.315627,
            -801.822446
          ],
          [
            2208.564866,
            -798.449365
          ],
          [
            2211.939261,
            -794.701498
          ],
          [
            2213.56397,
            -791.328417
          ],
          [
            2216.563433,
            -786.081403
          ],
          [
            2217.938186,
            -781.334104
          ],
          [
            2218.188142,
            -778.210881
          ]
        ],
        "type": "LineString"
      },
      "properties": {
      },
      "type": "Feature"
    },
    {
      "geometry": {
        "coordinates": [
          [
            2164.322791,
            -834.803679
          ],
          [
            2164.608298,
            -822.459886
          ],
          [
            2152.48547,
            -822.459886
          ],
          [
            2145.861657,
            -823.584246
          ],
          [
            2138.987888,
            -825.45818
          ],
          [
            2133.363895,
            -827.831829
          ],
          [
            2124.74044,
            -829.081118
          ],
          [
            2123.615642,
            -834.203204
          ],
          [
            2123.490664,
            -837.076569
          ],
          [
            2121.705425,
            -838.301688
          ]
        ],
        "type": "LineString"
      },
      "properties": {
      },
      "type": "Feature"
    },
    {
      "geometry": {
        "coordinates": [
          [
            2145.451172,
            -859.539603
          ],
          [
            2145.611701,
            -842.073725
          ]
        ],
        "type": "LineString"
      },
      "properties": {
      },
      "type": "Feature"
    },
    {
      "geometry": {
        "coordinates": [
          [
            2116.116985,
            -868.433726
          ],
          [
            2121.990933,
            -868.308797
          ],
          [
            2125.115373,
            -865.560361
          ],
          [
            2127.239993,
            -861.437707
          ],
          [
            2128.454216,
            -858.040456
          ]
        ],
        "type": "LineString"
      },
      "properties": {
      },
      "type": "Feature"
    },
    {
      "geometry": {
        "coordinates": [
          [
            2104.119134,
            -853.692114
          ],
          [
            2103.833627,
            -838.426617
          ]
        ],
        "type": "LineString"
      },
      "properties": {
      },
      "type": "Feature"
    },
    {
      "geometry": {
        "coordinates": [
          [
            2090.336045,
            -836.677612
          ],
          [
            2088.62191,
            -832.454199
          ],
          [
            2088.371955,
            -827.7069
          ],
          [
            2084.747604,
            -823.959033
          ],
          [
            2081.873119,
            -823.959033
          ],
          [
            2073.374642,
            -823.709175
          ],
          [
            2073.374642,
            -819.211734
          ],
          [
            2065.001142,
            -816.838085
          ],
          [
            2061.001858,
            -819.211734
          ],
          [
            2054.253067,
            -821.710313
          ],
          [
            2051.50356,
            -823.459317
          ],
          [
            2034.881537,
            -823.459317
          ],
          [
            2031.007231,
            -825.083393
          ],
          [
            2028.132746,
            -827.7069
          ],
          [
            2022.758709,
            -828.206616
          ],
          [
            2018.759425,
            -825.45818
          ],
          [
            2017.009739,
            -822.210028
          ],
          [
            2016.884761,
            -817.337801
          ],
          [
            2019.384313,
            -813.589933
          ],
          [
            2022.883687,
            -810.591639
          ],
          [
            2028.382702,
            -810.716568
          ],
          [
            2031.007231,
            -808.717706
          ],
          [
            2030.757276,
            -792.352018
          ],
          [
            2043.504993,
            -792.227089
          ],
          [
            2049.37894,
            -793.726236
          ],
          [
            2050.878672,
            -789.103866
          ],
          [
            2050.253784,
            -781.608132
          ],
          [
            2053.503202,
            -778.484909
          ],
          [
            2059.002216,
            -778.609838
          ]
        ],
        "type": "LineString"
      },
      "properties": {
      },
      "type": "Feature"
    },
    {
      "geometry": {
        "coordinates": [
          [
            2030.757276,
            -792.352018
          ],
          [
            2030.507321,
            -773.612681
          ]
        ],
        "type": "LineString"
      },
      "properties": {
      },
      "type": "Feature"
    },
    {
      "geometry": {
        "coordinates": [
          [
            2053.503202,
            -773.987468
          ],
          [
            2053.503202,
            -778.484909
          ]
        ],
        "type": "LineString"
      },
      "properties": {
      },
      "type": "Feature"
    },
    {
      "geometry": {
        "coordinates": [
          [
            2049.37894,
            -793.726236
          ],
          [
            2052.378403,
            -796.099886
          ],
          [
            2059.002216,
            -796.099886
          ],
          [
            2063.626388,
            -798.973251
          ],
          [
            2064.751187,
            -805.344625
          ],
          [
            2065.001142,
            -816.838085
          ]
        ],
        "type": "LineString"
      },
      "properties": {
      },
      "type": "Feature"
    },
    {
      "geometry": {
        "coordinates": [
          [
            2034.881537,
            -823.459317
          ],
          [
            2035.006515,
            -817.46273
          ],
          [
            2032.63194,
            -813.340075
          ],
          [
            2028.382702,
            -810.716568
          ]
        ],
        "type": "LineString"
      },
      "properties": {
      },
      "type": "Feature"
    },
    {
      "geometry": {
        "coordinates": [
          [
            2150.250045,
            -874.370806
          ],
          [
            2150.222196,
            -859.880258
          ]
        ],
        "type": "LineString"
      },
      "properties": {
      },
      "type": "Feature"
    },
    {
      "geometry": {
        "coordinates": [
          [
            2184.444186,
            -823.560076
          ],
          [
            2188.231933,
            -824.578701
          ],
          [
            2213.352433,
            -824.578701
          ],
          [
            2216.10194,
            -819.456616
          ],
          [
            2219.851269,
            -812.08581
          ],
          [
            2223.600597,
            -806.588938
          ],
          [
            2226.350104,
            -800.467421
          ],
          [
            2228.349746,
            -793.596331
          ],
          [
            2228.349746,
            -788.474246
          ],
          [
            2226.350104,
            -783.976805
          ],
          [
            2223.850552,
            -781.228369
          ],
          [
            2217.938186,
            -781.334104
          ]
        ],
        "type": "LineString"
      },
      "properties": {
      },
      "type": "Feature"
    },
    {
      "geometry": {
        "coordinates": [
          [
            2213.352433,
            -824.578701
          ],
          [
            2214.977142,
            -830.825147
          ],
          [
            2215.352075,
            -839.195384
          ],
          [
            2215.60203,
            -848.689982
          ],
          [
            2214.602209,
            -853.43728
          ]
        ],
        "type": "LineString"
      },
      "properties": {
      },
      "type": "Feature"
    },
    {
      "geometry": {
        "coordinates": [
          [
            2215.352075,
            -839.195384
          ],
          [
            2212.852522,
            -838.695669
          ],
          [
            2202.604358,
            -838.320882
          ]
        ],
        "type": "LineString"
      },
      "properties": {
      },
      "type": "Feature"
    },
    {
      "geometry": {
        "coordinates": [
          [
            1713.353037,
            -269.851118
          ],
          [
            1704.222597,
            -268.21214
          ],
          [
            1697.723761,
            -268.21214
          ],
          [
            1689.225284,
            -268.711856
          ],
          [
            1682.976403,
            -270.960576
          ],
          [
            1678.477209,
            -275.208159
          ],
          [
            1671.478463,
            -277.956595
          ],
          [
            1665.479537,
            -279.955458
          ],
          [
            1657.730925,
            -283.703325
          ],
          [
            1650.232269,
            -286.451762
          ],
          [
            1644.983209,
            -288.95034
          ],
          [
            1643.483478,
            -295.446643
          ],
          [
            1642.733612,
            -302.192804
          ],
          [
            1640.73397,
            -307.689677
          ],
          [
            1635.984821,
            -314.18598
          ],
          [
            1627.618037,
            -322.840928
          ],
          [
            1623.993687,
            -329.212303
          ],
          [
            1620.244358,
            -338.082256
          ],
          [
            1614.495388,
            -342.704626
          ],
          [
            1608.371485,
            -347.326995
          ],
          [
            1603.247403,
            -348.951071
          ],
          [
            1597.373455,
            -346.952209
          ],
          [
            1587.625201,
            -347.451924
          ],
          [
            1581.001388,
            -348.326427
          ],
          [
            1577.377037,
            -348.826142
          ],
          [
            1577.127082,
            -365.816474
          ],
          [
            1580.126545,
            -368.689839
          ],
          [
            1583.625918,
            -372.812493
          ],
          [
            1584.250806,
            -376.185574
          ],
          [
            1583.625918,
            -397.923205
          ],
          [
            1583.625918,
            -401.421214
          ],
          [
            1583.50094,
            -420.660267
          ],
          [
            1583.50094,
            -435.776665
          ],
          [
            1584.500761,
            -444.39676
          ],
          [
            1588.874978,
            -454.76586
          ],
          [
            1591.499507,
            -457.514296
          ],
          [
            1595.248836,
            -456.389936
          ],
          [
            1601.622694,
            -454.76586
          ],
          [
            1604.122246,
            -454.76586
          ],
          [
            1603.372381,
            -470.88169
          ]
        ],
        "type": "LineString"
      },
      "properties": {
      },
      "type": "Feature"
    },
    {
      "geometry": {
        "coordinates": [
          [
            1577.377037,
            -348.826142
          ],
          [
            1568.220851,
            -348.661526
          ],
          [
            1564.721478,
            -343.164654
          ],
          [
            1559.472418,
            -340.915933
          ],
          [
            1553.723448,
            -342.165222
          ],
          [
            1546.474746,
            -343.664369
          ],
          [
            1538.726134,
            -342.664938
          ],
          [
            1530.811974,
            -343.062678
          ],
          [
            1525.437701,
            -342.874218
          ],
          [
            1524,
            -339.750284
          ],
          [
            1525.001701,
            -331.369455
          ],
          [
            1527.375201,
            -323.375071
          ],
          [
            1532.000022,
            -315.752417
          ],
          [
            1539.249239,
            -308.754834
          ],
          [
            1544.99794,
            -303.022393
          ]
        ],
        "type": "LineString"
      },
      "properties": {
      },
      "type": "Feature"
    },
    {
      "geometry": {
        "coordinates": [
          [
            1577.127082,
            -365.816474
          ],
          [
            1568.48491,
            -365.948796
          ],
          [
            1568.220851,
            -348.661526
          ]
        ],
        "type": "LineString"
      },
      "properties": {
      },
      "type": "Feature"
    },
    {
      "geometry": {
        "coordinates": [
          [
            1433.50909,
            -382.564342
          ],
          [
            1445.631918,
            -382.064626
          ],
          [
            1457.129858,
            -384.438275
          ],
          [
            1465.253403,
            -386.811925
          ],
          [
            1476.876321,
            -389.060645
          ],
          [
            1482.875246,
            -390.434863
          ],
          [
            1488.749194,
            -391.184437
          ],
          [
            1492.998433,
            -393.308228
          ],
          [
            1498.997358,
            -396.931167
          ],
          [
            1509.245522,
            -396.681309
          ],
          [
            1519.243731,
            -396.431451
          ],
          [
            1562.610963,
            -396.181593
          ],
          [
            1572.234239,
            -396.681309
          ],
          [
            1578.108187,
            -397.930598
          ],
          [
            1583.625918,
            -397.923205
          ]
        ],
        "type": "LineString"
      },
      "properties": {
      },
      "type": "Feature"
    },
    {
      "geometry": {
        "coordinates": [
          [
            1620.244358,
            -338.082256
          ],
          [
            1625.221343,
            -341.457682
          ],
          [
            1629.220627,
            -346.579768
          ],
          [
            1628.220806,
            -354.200431
          ],
          [
            1630.845336,
            -360.446877
          ],
          [
            1635.219552,
            -366.818252
          ],
          [
            1637.374899,
            -371.687073
          ],
          [
            1638.343992,
            -375.06356
          ],
          [
            1637.844082,
            -378.936356
          ],
          [
            1641.968343,
            -387.306593
          ],
          [
            1645.592694,
            -391.928963
          ],
          [
            1648.842112,
            -402.173134
          ],
          [
            1649.591978,
            -409.793797
          ],
          [
            1649.217045,
            -413.416736
          ],
          [
            1650.716776,
            -419.538253
          ],
          [
            1651.841575,
            -426.034556
          ],
          [
            1652.341485,
            -432.780717
          ],
          [
            1651.841575,
            -436.778442
          ],
          [
            1647.467358,
            -438.277589
          ],
          [
            1641.0935,
            -438.652376
          ],
          [
            1637.96906,
            -441.65067
          ],
          [
            1632.844978,
            -442.275315
          ],
          [
            1628.345784,
            -442.650101
          ]
        ],
        "type": "LineString"
      },
      "properties": {
      },
      "type": "Feature"
    },
    {
      "geometry": {
        "coordinates": [
          [
            1604.122246,
            -454.76586
          ],
          [
            1608.349366,
            -450.270765
          ],
          [
            1611.598784,
            -446.772755
          ],
          [
            1616.972821,
            -444.648964
          ],
          [
            1619.09744,
            -443.024888
          ],
          [
            1618.222597,
            -435.779011
          ],
          [
            1617.847664,
            -428.283276
          ],
          [
            1617.347754,
            -422.411618
          ],
          [
            1617.347754,
            -419.913039
          ],
          [
            1600.975687,
            -420.037968
          ],
          [
            1583.50094,
            -420.660267
          ]
        ],
        "type": "LineString"
      },
      "properties": {
      },
      "type": "Feature"
    },
    {
      "geometry": {
        "coordinates": [
          [
            1600.975687,
            -420.037968
          ],
          [
            1601.85053,
            -428.158348
          ],
          [
            1602.850351,
            -439.152092
          ],
          [
            1604.225104,
            -445.898253
          ],
          [
            1604.122246,
            -454.76586
          ]
        ],
        "type": "LineString"
      },
      "properties": {
      },
      "type": "Feature"
    },
    {
      "geometry": {
        "coordinates": [
          [
            1649.217045,
            -413.416736
          ],
          [
            1641.968343,
            -413.541665
          ],
          [
            1617.347754,
            -413.291807
          ]
        ],
        "type": "LineString"
      },
      "properties": {
      },
      "type": "Feature"
    },
    {
      "geometry": {
        "coordinates": [
          [
            1617.347754,
            -419.913039
          ],
          [
            1617.347754,
            -413.291807
          ],
          [
            1617.222776,
            -397.425835
          ],
          [
            1615.848022,
            -387.806309
          ],
          [
            1613.473448,
            -377.811996
          ],
          [
            1605.474881,
            -376.312849
          ],
          [
            1584.250806,
            -376.185574
          ]
        ],
        "type": "LineString"
      },
      "properties": {
      },
      "type": "Feature"
    },
    {
      "geometry": {
        "coordinates": [
          [
            1583.625918,
            -401.421214
          ],
          [
            1596.10156,
            -399.049911
          ],
          [
            1603.600216,
            -394.427541
          ],
          [
            1611.598784,
            -390.929532
          ],
          [
            1615.848022,
            -387.806309
          ],
          [
            1621.22206,
            -384.433228
          ],
          [
            1632.220089,
            -381.060148
          ],
          [
            1637.844082,
            -378.936356
          ]
        ],
        "type": "LineString"
      },
      "properties": {
      },
      "type": "Feature"
    },
    {
      "geometry": {
        "coordinates": [
          [
            1603.247403,
            -348.951071
          ],
          [
            1605.481597,
            -354.580336
          ],
          [
            1606.35644,
            -364.449721
          ],
          [
            1605.474881,
            -376.312849
          ]
        ],
        "type": "LineString"
      },
      "properties": {
      },
      "type": "Feature"
    },
    {
      "geometry": {
        "coordinates": [
          [
            1697.723761,
            -268.21214
          ],
          [
            1697.350037,
            -254.331829
          ],
          [
            1697.350037,
            -236.217137
          ]
        ],
        "type": "LineString"
      },
      "properties": {
      },
      "type": "Feature"
    },
    {
      "geometry": {
        "coordinates": [
          [
            1650.484149,
            -615.091426
          ],
          [
            1659.732492,
            -614.841568
          ],
          [
            1664.106709,
            -616.715502
          ],
          [
            1670.105634,
            -618.714365
          ],
          [
            1673.97994,
            -621.212943
          ],
          [
            1681.103664,
            -622.462232
          ]
        ],
        "type": "LineString"
      },
      "properties": {
      },
      "type": "Feature"
    },
    {
      "geometry": {
        "coordinates": [
          [
            2221.354672,
            153.527176
          ],
          [
            2221.604627,
            172.391442
          ],
          [
            2221.479649,
            183.385186
          ],
          [
            2220.729784,
            188.382343
          ],
          [
            2216.980455,
            191.630494
          ],
          [
            2212.481261,
            195.378362
          ],
          [
            2208.232022,
            198.126798
          ],
          [
            2205.607492,
            198.376656
          ],
          [
            2201.608209,
            194.004144
          ],
          [
            2196.484127,
            191.380636
          ],
          [
            2192.859776,
            189.631632
          ],
          [
            2187.235784,
            189.631632
          ],
          [
            2163.739993,
            189.506703
          ]
        ],
        "type": "LineString"
      },
      "properties": {
      },
      "type": "Feature"
    },
    {
      "geometry": {
        "coordinates": [
          [
            2200.358433,
            183.884902
          ],
          [
            2200.608388,
            188.257414
          ],
          [
            2196.484127,
            191.380636
          ]
        ],
        "type": "LineString"
      },
      "properties": {
      },
      "type": "Feature"
    },
    {
      "geometry": {
        "coordinates": [
          [
            2227.228619,
            233.856467
          ],
          [
            2226.478754,
            230.608315
          ],
          [
            2222.729425,
            226.735519
          ],
          [
            2219.105075,
            224.361869
          ],
          [
            2213.481082,
            222.612865
          ],
          [
            2208.481978,
            224.361869
          ],
          [
            2202.108119,
            227.235234
          ],
          [
            2200.48341,
            230.733244
          ],
          [
            2204.357716,
            233.606609
          ],
          [
            2207.85709,
            236.479974
          ],
          [
            2208.85691,
            240.477699
          ],
          [
            2211.731395,
            245.974571
          ],
          [
            2212.106328,
            250.846799
          ],
          [
            2212.731216,
            257.59296
          ],
          [
            2210.856552,
            262.465188
          ],
          [
            2210.356642,
            267.587273
          ],
          [
            2207.982067,
            272.709358
          ],
          [
            2204.857627,
            279.955235
          ],
          [
            2203.732828,
            287.326041
          ],
          [
            2202.483052,
            292.448127
          ],
          [
            2199.858522,
            297.445283
          ],
          [
            2198.983679,
            301.318079
          ],
          [
            2195.609284,
            307.189738
          ],
          [
            2193.109731,
            313.436184
          ],
          [
            2187.860672,
            316.684336
          ],
          [
            2184.611254,
            321.556563
          ],
          [
            2179.862104,
            323.05571
          ],
          [
            2174.113134,
            324.429928
          ],
          [
            2165.739634,
            326.803577
          ],
          [
            2158.61591,
            330.926232
          ],
          [
            2150.24241,
            334.54917
          ],
          [
            2145.743216,
            334.54917
          ],
          [
            2139.619313,
            337.797322
          ],
          [
            2131.495769,
            343.419123
          ],
          [
            2126.996575,
            346.292488
          ],
          [
            2122.122448,
            349.790497
          ],
          [
            2116.2485,
            355.662156
          ],
          [
            2111.249396,
            359.78481
          ],
          [
            2105.875358,
            360.784242
          ],
          [
            2098.126746,
            361.408886
          ],
          [
            2087.253694,
            361.159028
          ],
          [
            2080.004993,
            364.40718
          ],
          [
            2075.255843,
            370.278839
          ],
          [
            2069.006963,
            371.153341
          ],
          [
            2064.132836,
            374.901209
          ],
          [
            2060.75844,
            378.274289
          ],
          [
            2054.259605,
            379.148792
          ],
          [
            2050.260321,
            383.146517
          ],
          [
            2044.636328,
            386.769455
          ],
          [
            2040.137134,
            389.892678
          ],
          [
            2041.513813,
            393.274503
          ],
          [
            2041.388836,
            398.896304
          ],
          [
            2041.513813,
            405.142749
          ],
          [
            2044.388299,
            412.513555
          ],
          [
            2045.638075,
            421.13365
          ],
          [
            2046.38794,
            434.625973
          ],
          [
            2045.763052,
            443.870712
          ],
          [
            2042.388657,
            455.239243
          ],
          [
            2041.388836,
            465.108627
          ],
          [
            2038.139418,
            471.979717
          ],
          [
            2032.515425,
            477.726447
          ],
          [
            2022.267261,
            486.096684
          ],
          [
            2015.143537,
            494.341993
          ],
          [
            2006.145149,
            501.837727
          ],
          [
            2000.021246,
            508.209102
          ],
          [
            1993.897343,
            513.955832
          ],
          [
            1990.148015,
            517.328913
          ],
          [
            1985.648821,
            525.949008
          ]
        ],
        "type": "LineString"
      },
      "properties": {
      },
      "type": "Feature"
    },
    {
      "geometry": {
        "coordinates": [
          [
            2205.607492,
            198.376656
          ],
          [
            2206.850642,
            203.95407
          ],
          [
            2208.100418,
            208.57644
          ],
          [
            2212.599612,
            211.324876
          ],
          [
            2216.598895,
            210.075587
          ],
          [
            2219.223425,
            205.453217
          ],
          [
            2218.47356,
            200.955776
          ],
          [
            2215.474097,
            197.832553
          ],
          [
            2212.481261,
            195.378362
          ]
        ],
        "type": "LineString"
      },
      "properties": {
      },
      "type": "Feature"
    },
    {
      "geometry": {
        "coordinates": [
          [
            2212.599612,
            211.324876
          ],
          [
            2213.474455,
            216.446961
          ],
          [
            2213.481082,
            222.612865
          ]
        ],
        "type": "LineString"
      },
      "properties": {
      },
      "type": "Feature"
    },
    {
      "geometry": {
        "coordinates": [
          [
            2200.48341,
            230.733244
          ],
          [
            2196.852433,
            234.186867
          ],
          [
            2192.478216,
            239.059094
          ],
          [
            2188.728888,
            242.307246
          ],
          [
            2185.979381,
            242.931891
          ]
        ],
        "type": "LineString"
      },
      "properties": {
      },
      "type": "Feature"
    },
    {
      "geometry": {
        "coordinates": [
          [
            2040.137134,
            389.892678
          ],
          [
            2035.862485,
            390.944118
          ],
          [
            2027.73894,
            391.443833
          ],
          [
            2020.240284,
            394.317198
          ],
          [
            2014.991224,
            396.815777
          ],
          [
            2011.491851,
            396.316061
          ],
          [
            2008.742343,
            393.442696
          ],
          [
            2004.618082,
            391.568762
          ],
          [
            1998.99409,
            391.443833
          ],
          [
            1992.995164,
            387.571037
          ],
          [
            1986.371351,
            381.949236
          ],
          [
            1982.372067,
            380.075302
          ],
          [
            1978.372784,
            375.078146
          ],
          [
            1976.123187,
            370.080989
          ],
          [
            1969.374396,
            365.083833
          ],
          [
            1960.25103,
            361.335965
          ],
          [
            1950.127843,
            359.087245
          ],
          [
            1940.37959,
            361.086108
          ],
          [
            1925.007343,
            361.710752
          ],
          [
            1912.259627,
            360.586392
          ],
          [
            1896.512448,
            357.463169
          ],
          [
            1886.514239,
            356.21388
          ],
          [
            1877.01594,
            355.464307
          ],
          [
            1869.767239,
            351.341652
          ],
          [
            1857.394455,
            347.718714
          ],
          [
            1851.145575,
            343.471131
          ],
          [
            1844.021851,
            340.347908
          ],
          [
            1836.648172,
            337.599472
          ],
          [
            1829.024537,
            336.72497
          ],
          [
            1816.651754,
            334.101463
          ],
          [
            1804.653903,
            332.852173
          ],
          [
            1796.530358,
            330.103737
          ],
          [
            1792.281119,
            324.856723
          ],
          [
            1788.656769,
            314.237766
          ],
          [
            1784.282552,
            306.117386
          ],
          [
            1776.53394,
            300.745443
          ],
          [
            1769.785149,
            298.996438
          ],
          [
            1753.663037,
            295.248571
          ],
          [
            1742.914963,
            293.999282
          ],
          [
            1734.791418,
            294.998713
          ],
          [
            1722.168679,
            292.125348
          ],
          [
            1713.920157,
            287.502978
          ],
          [
            1707.671276,
            284.754542
          ],
          [
            1696.423291,
            282.75568
          ],
          [
            1687.799836,
            277.883452
          ],
          [
            1678.67647,
            273.136153
          ],
          [
            1669.553105,
            270.262788
          ],
          [
            1662.679336,
            265.765348
          ],
          [
            1659.429918,
            263.516627
          ],
          [
            1648.431888,
            262.142409
          ],
          [
            1636.559015,
            263.016911
          ],
          [
            1617.868687,
            262.667389
          ],
          [
            1610.37003,
            260.418668
          ],
          [
            1605.870836,
            255.546441
          ],
          [
            1596.997425,
            249.050137
          ],
          [
            1588.873881,
            241.179616
          ],
          [
            1581.125269,
            235.432886
          ],
          [
            1570.377194,
            226.687862
          ],
          [
            1562.003694,
            220.941132
          ],
          [
            1557.356418,
            215.913977
          ],
          [
            1548.982918,
            208.793029
          ],
          [
            1540.609418,
            203.171227
          ],
          [
            1531.860985,
            196.799853
          ],
          [
            1523.487485,
            190.803265
          ],
          [
            1516.863672,
            186.305824
          ],
          [
            1512.364545,
            184.068979
          ]
        ],
        "type": "LineString"
      },
      "properties": {
      },
      "type": "Feature"
    },
    {
      "geometry": {
        "coordinates": [
          [
            2609.116358,
            -149.576853
          ],
          [
            2629.362731,
            -149.95164
          ],
          [
            2642.610358,
            -149.326995
          ],
          [
            2651.108836,
            -147.453062
          ],
          [
            2658.482515,
            -142.830692
          ],
          [
            2663.356642,
            -138.333251
          ],
          [
            2666.731037,
            -137.958464
          ],
          [
            2688.852075,
            -137.958464
          ],
          [
            2694.851,
            -135.085099
          ],
          [
            2699.725127,
            -132.211734
          ],
          [
            2700.849925,
            -125.715431
          ],
          [
            2701.974724,
            -118.96927
          ],
          [
            2705.099164,
            -112.223108
          ],
          [
            2709.723336,
            -105.851734
          ],
          [
            2716.347149,
            -100.105004
          ],
          [
            2719.596567,
            -97.10671
          ],
          [
            2723.220918,
            -94.608132
          ],
          [
            2740.592806,
            -95.107847
          ],
          [
            2771.712231,
            -95.107847
          ],
          [
            2775.336582,
            -93.483771
          ],
          [
            2779.418269,
            -89.938959
          ],
          [
            2779.480757,
            -82.443224
          ],
          [
            2792.978339,
            -82.38076
          ],
          [
            2799.289709,
            -81.693651
          ],
          [
            2803.976369,
            -80.319433
          ],
          [
            2807.038321,
            -78.632893
          ],
          [
            2806.913343,
            -66.764646
          ],
          [
            2818.098839,
            -66.82711
          ],
          [
            2818.161328,
            -52.960001
          ],
          [
            2823.035455,
            -52.835072
          ],
          [
            2822.972966,
            -41.841328
          ],
          [
            2835.158284,
            -41.903792
          ],
          [
            2838.345213,
            -40.279717
          ],
          [
            2845.218981,
            -39.655072
          ],
          [
            2863.09078,
            -39.467679
          ],
          [
            2866.340198,
            -37.406352
          ],
          [
            2868.777261,
            -35.032702
          ],
          [
            2870.464459,
            -34.657915
          ],
          [
            2877.838138,
            -34.657915
          ],
          [
            2882.587287,
            -33.158769
          ],
          [
            2887.273948,
            -29.660759
          ],
          [
            2890.210922,
            -27.724361
          ],
          [
            2896.459802,
            -25.038389
          ],
          [
            2901.521395,
            -22.727204
          ],
          [
            2905.958101,
            -22.977062
          ],
          [
            2921.267858,
            -22.977062
          ],
          [
            2923.142522,
            -26.72493
          ],
          [
            2925.767052,
            -30.847584
          ],
          [
            2933.453175,
            -30.910048
          ],
          [
            2936.390149,
            -33.845878
          ],
          [
            2940.326944,
            -40.716968
          ],
          [
            2944.826138,
            -47.025878
          ],
          [
            2944.826138,
            -58.394409
          ],
          [
            2945.451026,
            -61.392703
          ],
          [
            2945.451026,
            -104.430713
          ],
          [
            2945.451026,
            -115.361993
          ],
          [
            2920.455504,
            -115.424457
          ],
          [
            2912.956847,
            -112.925879
          ],
          [
            2908.08272,
            -110.239907
          ],
          [
            2901.27144,
            -109.178012
          ],
          [
            2899.396776,
            -107.803794
          ],
          [
            2895.085048,
            -107.678865
          ],
          [
            2894.772604,
            -99.308628
          ],
          [
            2892.647985,
            -95.873083
          ],
          [
            2890.523366,
            -91.438106
          ],
          [
            2888.523724,
            -90.875926
          ],
          [
            2868.714772,
            -90.750997
          ],
          [
            2866.402686,
            -93.811755
          ],
          [
            2866.277709,
            -99.62095
          ],
          [
            2871.714235,
            -99.558485
          ],
          [
            2871.558067,
            -77.301697
          ]
        ],
        "type": "LineString"
      },
      "properties": {
      },
      "type": "Feature"
    },
    {
      "geometry": {
        "coordinates": [
          [
            2933.737306,
            -139.093368
          ],
          [
            2937.361657,
            -140.405121
          ],
          [
            2942.42325,
            -138.781046
          ],
          [
            2947.234888,
            -136.03261
          ],
          [
            2950.109373,
            -132.5346
          ],
          [
            2950.109373,
            -128.349481
          ],
          [
            2950.046884,
            -115.419339
          ],
          [
            2945.451026,
            -115.361993
          ]
        ],
        "type": "LineString"
      },
      "properties": {
      },
      "type": "Feature"
    },
    {
      "geometry": {
        "coordinates": [
          [
            2654.74803,
            -411.552139
          ],
          [
            2667.620724,
            -411.677068
          ],
          [
            2668.8705,
            -404.805978
          ],
          [
            2672.994761,
            -401.307968
          ],
          [
            2677.493955,
            -402.057542
          ],
          [
            2680.243463,
            -407.179627
          ],
          [
            2684.867634,
            -410.802566
          ],
          [
            2691.491448,
            -411.42721
          ],
          [
            2694.740866,
            -408.428916
          ],
          [
            2697.11544,
            -404.55612
          ],
          [
            2698.365216,
            -400.933181
          ],
          [
            2699.24006,
            -398.059816
          ],
          [
            2699.115082,
            -390.439153
          ],
          [
            2699.181679,
            -386.112313
          ],
          [
            2704.118295,
            -385.987384
          ],
          [
            2703.993317,
            -380.677905
          ],
          [
            2705.743004,
            -377.24236
          ],
          [
            2708.555,
            -373.681886
          ],
          [
            2711.991884,
            -370.93345
          ],
          [
            2717.99081,
            -370.308805
          ],
          [
            2722.802448,
            -370.058948
          ],
          [
            2725.052045,
            -371.49563
          ],
          [
            2725.989377,
            -376.68018
          ],
          [
            2726.426798,
            -382.801697
          ],
          [
            2727.114175,
            -386.049848
          ],
          [
            2730.676037,
            -389.922645
          ],
          [
            2733.488034,
            -388.361033
          ],
          [
            2736.737451,
            -388.548427
          ],
          [
            2738.799582,
            -389.547858
          ],
          [
            2741.611578,
            -392.296294
          ],
          [
            2742.673888,
            -394.857337
          ],
          [
            2742.54891,
            -399.417242
          ],
          [
            2741.299134,
            -401.728427
          ],
          [
            2738.549627,
            -403.477432
          ],
          [
            2736.425007,
            -404.28947
          ],
          [
            2733.550522,
            -404.227005
          ],
          [
            2730.925993,
            -402.790323
          ],
          [
            2728.551418,
            -400.479138
          ],
          [
            2726.926709,
            -398.292882
          ],
          [
            2726.932099,
            -396.459012
          ],
          [
            2717.277578,
            -396.42778
          ]
        ],
        "type": "LineString"
      },
      "properties": {
      },
      "type": "Feature"
    },
    {
      "geometry": {
        "coordinates": [
          [
            2730.676037,
            -389.922645
          ],
          [
            2728.588052,
            -391.493088
          ],
          [
            2726.963343,
            -393.554415
          ],
          [
            2726.932099,
            -396.459012
          ]
        ],
        "type": "LineString"
      },
      "properties": {
      },
      "type": "Feature"
    },
    {
      "geometry": {
        "coordinates": [
          [
            2733.550522,
            -404.227005
          ],
          [
            2733.555336,
            -407.678971
          ],
          [
            2730.055963,
            -407.678971
          ],
          [
            2724.306993,
            -408.615938
          ],
          [
            2720.682642,
            -410.864659
          ],
          [
            2717.183269,
            -413.175844
          ],
          [
            2715.433582,
            -416.861246
          ],
          [
            2715.746026,
            -423.607408
          ],
          [
            2717.495713,
            -426.230915
          ],
          [
            2720.432687,
            -429.291673
          ],
          [
            2720.620153,
            -433.601721
          ]
        ],
        "type": "LineString"
      },
      "properties": {
      },
      "type": "Feature"
    },
    {
      "geometry": {
        "coordinates": [
          [
            2731.305739,
            -413.300772
          ],
          [
            2731.368228,
            -410.240014
          ],
          [
            2731.368228,
            -407.678971
          ]
        ],
        "type": "LineString"
      },
      "properties": {
      },
      "type": "Feature"
    },
    {
      "geometry": {
        "coordinates": [
          [
            2739.741728,
            -426.730631
          ],
          [
            2741.17897,
            -423.91973
          ],
          [
            2743.928478,
            -421.171294
          ],
          [
            2746.42803,
            -418.485322
          ],
          [
            2746.865451,
            -415.049777
          ],
          [
            2746.615496,
            -410.677265
          ],
          [
            2746.365541,
            -408.116223
          ],
          [
            2742.803679,
            -407.991294
          ],
          [
            2738.549627,
            -403.477432
          ]
        ],
        "type": "LineString"
      },
      "properties": {
      },
      "type": "Feature"
    },
    {
      "geometry": {
        "coordinates": [
          [
            2711.991884,
            -370.93345
          ],
          [
            2707.682261,
            -369.188995
          ],
          [
            2702.745646,
            -366.253165
          ],
          [
            2697.434097,
            -365.441127
          ],
          [
            2692.122549,
            -364.254303
          ],
          [
            2689.872951,
            -357.570606
          ],
          [
            2688.810642,
            -350.449658
          ],
          [
            2687.060955,
            -344.45307
          ],
          [
            2684.561403,
            -341.892027
          ],
          [
            2681.311985,
            -337.644444
          ],
          [
            2681.06203,
            -333.334397
          ],
          [
            2683.12416,
            -330.773354
          ],
          [
            2687.060955,
            -329.336672
          ],
          [
            2693.934724,
            -329.086814
          ],
          [
            2700.308582,
            -328.899421
          ],
          [
            2704.745287,
            -331.27307
          ],
          [
            2706.494974,
            -332.522359
          ]
        ],
        "type": "LineString"
      },
      "properties": {
      },
      "type": "Feature"
    },
    {
      "geometry": {
        "coordinates": [
          [
            2687.308638,
            -388.692229
          ],
          [
            2690.183123,
            -387.755262
          ],
          [
            2692.182765,
            -386.131187
          ],
          [
            2699.181679,
            -386.112313
          ]
        ],
        "type": "LineString"
      },
      "properties": {
      },
      "type": "Feature"
    },
    {
      "geometry": {
        "coordinates": [
          [
            2170.857515,
            -785.355739
          ],
          [
            2167.98303,
            -788.603891
          ],
          [
            2161.609172,
            -790.97754
          ],
          [
            2154.610425,
            -792.226829
          ],
          [
            2132.739343,
            -804.220005
          ],
          [
            2129.114993,
            -805.469294
          ],
          [
            2129.114993,
            -807.593085
          ],
          [
            2121.866291,
            -807.718014
          ],
          [
            2119.491716,
            -811.216024
          ],
          [
            2118.866828,
            -816.962754
          ],
          [
            2118.616873,
            -821.585124
          ],
          [
            2118.307631,
            -825.22864
          ],
          [
            2110.434041,
            -825.416033
          ],
          [
            2110.059108,
            -823.354706
          ],
          [
            2108.871821,
            -823.042384
          ]
        ],
        "type": "LineString"
      },
      "properties": {
      },
      "type": "Feature"
    },
    {
      "geometry": {
        "coordinates": [
          [
            3096.471657,
            -2039.654417
          ],
          [
            3102.260433,
            -2053.668115
          ],
          [
            3105.759806,
            -2070.158731
          ],
          [
            3101.510567,
            -2085.150201
          ],
          [
            3096.488448,
            -2101.468441
          ],
          [
            3093.488985,
            -2111.837541
          ],
          [
            3093.988895,
            -2117.959057
          ],
          [
            3095.238672,
            -2124.955076
          ],
          [
            3091.11441,
            -2131.576309
          ],
          [
            3089.489701,
            -2137.323039
          ],
          [
            3086.865172,
            -2146.567778
          ],
          [
            3083.615754,
            -2153.064082
          ],
          [
            3082.490955,
            -2163.308253
          ],
          [
            3080.116381,
            -2171.178774
          ],
          [
            3078.366694,
            -2179.798869
          ],
          [
            3075.492209,
            -2190.04304
          ],
          [
            3073.742522,
            -2197.163988
          ],
          [
            3071.117993,
            -2203.535362
          ],
          [
            3066.243866,
            -2207.033372
          ],
          [
            3064.744134,
            -2213.904462
          ],
          [
            3061.494716,
            -2220.275837
          ],
          [
            3062.244582,
            -2227.646642
          ],
          [
            3064.99409,
            -2232.393941
          ],
          [
            3069.618261,
            -2235.017448
          ],
          [
            3074.617366,
            -2233.268443
          ],
          [
            3078.241716,
            -2228.521145
          ],
          [
            3079.991403,
            -2222.524557
          ],
          [
            3083.490776,
            -2217.152614
          ],
          [
            3087.864993,
            -2212.780102
          ],
          [
            3092.614142,
            -2205.534225
          ],
          [
            3102.11253,
            -2187.793751
          ],
          [
            3106.111813,
            -2176.050433
          ],
          [
            3108.861321,
            -2165.556404
          ],
          [
            3112.485672,
            -2155.187305
          ],
          [
            3118.85953,
            -2146.56721
          ],
          [
            3126.608142,
            -2136.447968
          ],
          [
            3129.232672,
            -2128.202659
          ],
          [
            3133.48191,
            -2122.955645
          ],
          [
            3138.106082,
            -2116.584271
          ],
          [
            3139.730791,
            -2111.337256
          ],
          [
            3144.854873,
            -2107.214602
          ],
          [
            3150.22891,
            -2098.969294
          ],
          [
            3153.603306,
            -2091.598488
          ],
          [
            3155.727925,
            -2085.102185
          ],
          [
            3158.852366,
            -2080.105028
          ],
          [
            3160.227119,
            -2074.982943
          ],
          [
            3161.601873,
            -2066.362848
          ],
          [
            3164.351381,
            -2058.992042
          ],
          [
            3165.351201,
            -2050.371947
          ],
          [
            3164.476358,
            -2043.875644
          ],
          [
            3162.976627,
            -2039.503132
          ],
          [
            3159.977164,
            -2029.258961
          ],
          [
            3154.728104,
            -2019.01479
          ],
          [
            3149.729,
            -2011.768913
          ],
          [
            3147.10447,
            -2005.147681
          ],
          [
            3147.979313,
            -1999.52588
          ],
          [
            3160.352097,
            -1989.531567
          ]
        ],
        "type": "LineString"
      },
      "properties": {
      },
      "type": "Feature"
    },
    {
      "geometry": {
        "coordinates": [
          [
            2750.735761,
            -2014.679532
          ],
          [
            2747.361276,
            -2021.734649
          ],
          [
            2743.237015,
            -2026.481948
          ],
          [
            2738.109955,
            -2034.600976
          ],
          [
            2732.985873,
            -2043.346
          ],
          [
            2729.98641,
            -2049.717375
          ],
          [
            2724.737351,
            -2053.590171
          ],
          [
            2718.738425,
            -2059.836616
          ],
          [
            2712.364567,
            -2068.706569
          ]
        ],
        "type": "LineString"
      },
      "properties": {
      },
      "type": "Feature"
    },
    {
      "geometry": {
        "coordinates": [
          [
            2725.272657,
            -1972.446785
          ],
          [
            2725.23397,
            -1981.130549
          ]
        ],
        "type": "LineString"
      },
      "properties": {
      },
      "type": "Feature"
    },
    {
      "geometry": {
        "coordinates": [
          [
            1637.374899,
            -371.687073
          ],
          [
            1642.101616,
            -369.602076
          ],
          [
            1647.600631,
            -368.977432
          ],
          [
            1653.662045,
            -367.228427
          ],
          [
            1657.223907,
            -364.355062
          ],
          [
            1660.660791,
            -363.480559
          ],
          [
            1670.596511,
            -363.480559
          ],
          [
            1674.158373,
            -362.293735
          ],
          [
            1676.40797,
            -358.358474
          ],
          [
            1676.345481,
            -349.488521
          ],
          [
            1677.032858,
            -344.241507
          ],
          [
            1679.094989,
            -341.742929
          ],
          [
            1684.219071,
            -341.742929
          ],
          [
            1689.530619,
            -341.867858
          ],
          [
            1693.842347,
            -343.554398
          ]
        ],
        "type": "LineString"
      },
      "properties": {
      },
      "type": "Feature"
    },
	    {
      "geometry": {
        "coordinates": [
          [
            3956.25,
            1085.660783
          ],
          [
            3948.5,
            1093.406474
          ],
          [
            3939.625,
            1102.276539
          ],
          [
            3932.25,
            1108.273203
          ],
          [
            3923.375,
            1114.269866
          ],
          [
            3908.125,
            1124.389236
          ],
          [
            3895.625,
            1131.510274
          ],
          [
            3883,
            1137.631869
          ],
          [
            3864.25,
            1145.002768
          ],
          [
            3843.375,
            1153.498041
          ],
          [
            3830.75,
            1159.619635
          ],
          [
            3815.125,
            1168.989422
          ],
          [
            3806,
            1173.611851
          ],
          [
            3798.375,
            1174.986086
          ],
          [
            3791.625,
            1179.108792
          ],
          [
            3784.5,
            1185.855039
          ],
          [
            3778,
            1193.975521
          ],
          [
            3772.375,
            1203.7201
          ],
          [
            3765.375,
            1213.464678
          ],
          [
            3762.125,
            1220.585716
          ],
          [
            3760.5,
            1228.706198
          ],
          [
            3758.75,
            1237.576263
          ],
          [
            3756.375,
            1245.446884
          ],
          [
            3752.25,
            1255.566254
          ],
          [
            3742.75,
            1270.034602
          ],
          [
            3737.625,
            1280.029041
          ],
          [
            3731.5,
            1290.523203
          ],
          [
            3725,
            1300.267781
          ],
          [
            3719.125,
            1307.763611
          ],
          [
            3710.375,
            1314.884649
          ],
          [
            3702.5,
            1319.507077
          ],
          [
            3692.125,
            1322.8802
          ],
          [
            3681.125,
            1326.628115
          ],
          [
            3671.75,
            1329.751378
          ],
          [
            3662.875,
            1331.500405
          ],
          [
            3654.75,
            1332.99957
          ],
          [
            3648.875,
            1337.122277
          ],
          [
            3645.5,
            1340.995122
          ],
          [
            3644.125,
            1347.241647
          ],
          [
            3644.75,
            1351.489283
          ],
          [
            3646.75,
            1356.486503
          ],
          [
            3646.625,
            1367.230526
          ],
          [
            3646.625,
            1405.084465
          ],
          [
            3647.25,
            1410.331546
          ],
          [
            3651.875,
            1414.329322
          ],
          [
            3656,
            1420.450916
          ],
          [
            3658.5,
            1427.322093
          ],
          [
            3662.125,
            1436.941741
          ],
          [
            3666,
            1447.186041
          ],
          [
            3668.125,
            1456.430898
          ],
          [
            3673.125,
            1469.298739
          ],
          [
            3676.5,
            1478.168804
          ],
          [
            3680.625,
            1482.666302
          ],
          [
            3683.5,
            1488.787896
          ],
          [
            3692.5,
            1498.657405
          ],
          [
            3705.375,
            1512.64962
          ],
          [
            3715.625,
            1524.143225
          ],
          [
            3721.625,
            1529.515237
          ],
          [
            3728.125,
            1538.260371
          ],
          [
            3731.875,
            1543.507452
          ],
          [
            3731.875,
            1553.376961
          ],
          [
            3732.5,
            1563.3714
          ],
          [
            3737.5,
            1571.616813
          ],
          [
            3740.5,
            1577.613477
          ],
          [
            3752.25,
            1595.728398
          ],
          [
            3757.75,
            1606.847212
          ],
          [
            3760.875,
            1616.716721
          ],
          [
            3766.125,
            1627.960465
          ],
          [
            3773.375,
            1638.403555
          ],
          [
            3778.25,
            1643.400774
          ],
          [
            3783.25,
            1648.023203
          ],
          [
            3784.625,
            1655.643963
          ],
          [
            3784.25,
            1665.388541
          ],
          [
            3781.25,
            1674.258606
          ],
          [
            3779.25,
            1681.629505
          ],
          [
            3779,
            1688.000961
          ],
          [
            3780.125,
            1693.997624
          ],
          [
            3784.25,
            1699.494566
          ],
          [
            3790.625,
            1701.493454
          ],
          [
            3797.625,
            1704.991508
          ],
          [
            3803.5,
            1710.238588
          ],
          [
            3808.25,
            1717.734418
          ],
          [
            3822.875,
            1734.100313
          ],
          [
            3830.375,
            1742.6571
          ],
          [
            3834.5,
            1750.027999
          ],
          [
            3838.625,
            1757.273967
          ],
          [
            3844.75,
            1764.020214
          ],
          [
            3850.25,
            1770.391669
          ],
          [
            3850.375,
            1778.700263
          ],
          [
            3852,
            1788.444842
          ],
          [
            3857.375,
            1795.066158
          ],
          [
            3860.375,
            1800.188308
          ],
          [
            3864.75,
            1806.934555
          ],
          [
            3866.875,
            1812.806288
          ],
          [
            3869.125,
            1819.427604
          ],
          [
            3872,
            1823.175519
          ],
          [
            3867,
            1833.66968
          ],
          [
            3861.25,
            1842.664676
          ],
          [
            3857.625,
            1849.410922
          ],
          [
            3854.625,
            1856.157169
          ],
          [
            3852,
            1864.777373
          ],
          [
            3846.875,
            1876.021118
          ],
          [
            3843.375,
            1884.1416
          ],
          [
            3840.625,
            1891.76236
          ],
          [
            3837.875,
            1900.007772
          ],
          [
            3833.875,
            1906.629088
          ],
          [
            3830.5,
            1914.874501
          ],
          [
            3825.625,
            1921.620748
          ],
          [
            3818.875,
            1930.240952
          ],
          [
            3813.75,
            1934.98831
          ],
          [
            3808.125,
            1940.735113
          ],
          [
            3802.875,
            1947.60629
          ],
          [
            3797.625,
            1951.479136
          ],
          [
            3794.625,
            1958.225382
          ],
          [
            3790.375,
            1967.220378
          ],
          [
            3788.125,
            1977.83947
          ],
          [
            3785.5,
            1989.333075
          ],
          [
            3784.625,
            1995.954391
          ],
          [
            3780.5,
            2000.82668
          ],
          [
            3775.5,
            2006.448553
          ],
          [
            3771.25,
            2012.944938
          ],
          [
            3768.25,
            2020.315837
          ],
          [
            3764.875,
            2029.060972
          ],
          [
            3760.375,
            2038.305828
          ],
          [
            3755.375,
            2051.048739
          ],
          [
            3752,
            2058.294707
          ],
          [
            3749.5,
            2066.914911
          ],
          [
            3745.25,
            2072.536784
          ],
          [
            3739,
            2079.657822
          ],
          [
            3731,
            2089.527331
          ],
          [
            3725.75,
            2101.145867
          ],
          [
            3722.5,
            2109.64114
          ],
          [
            3717.5,
            2117.2619
          ],
          [
            3713.5,
            2125.382382
          ],
          [
            3712.875,
            2132.37849
          ],
          [
            3711.875,
            2141.373485
          ],
          [
            3706.25,
            2169.007566
          ],
          [
            3699,
            2198.741024
          ],
          [
            3693.75,
            2225.476149
          ],
          [
            3691.5,
            2251.461692
          ],
          [
            3692.5,
            2269.701544
          ],
          [
            3694.5,
            2281.445011
          ],
          [
            3697.75,
            2291.939172
          ],
          [
            3705.75,
            2300.080881
          ],
          [
            3715.25,
            2306.327405
          ],
          [
            3718.5,
            2319.320177
          ],
          [
            3722.25,
            2333.312392
          ],
          [
            3727,
            2346.555024
          ],
          [
            3729.75,
            2359.048074
          ],
          [
            3728.75,
            2372.790428
          ],
          [
            3724.75,
            2383.284589
          ],
          [
            3717.25,
            2390.280697
          ],
          [
            3711.25,
            2396.527222
          ],
          [
            3710,
            2412.268464
          ],
          [
            3712,
            2426.317952
          ],
          [
            3718.75,
            2441.309612
          ],
          [
            3721.75,
            2450.304051
          ],
          [
            3720,
            2460.04863
          ],
          [
            3714.25,
            2471.292374
          ],
          [
            3712.5,
            2483.285701
          ],
          [
            3708.25,
            2493.779863
          ],
          [
            3703.5,
            2508.771522
          ],
          [
            3696.75,
            2523.013598
          ],
          [
            3689.25,
            2534.257343
          ],
          [
            3680.5,
            2541.503311
          ],
          [
            3671,
            2548.999141
          ],
          [
            3660.5,
            2552.747056
          ],
          [
            3644,
            2559.743163
          ],
          [
            3631,
            2561.742051
          ],
          [
            3615.5,
            2562.491634
          ],
          [
            3599.75,
            2561.242329
          ],
          [
            3586,
            2559.243441
          ],
          [
            3577,
            2560.492746
          ],
          [
            3567.125,
            2561.62179
          ],
          [
            3564.25,
            2565.869427
          ],
          [
            3564.125,
            2572.240882
          ],
          [
            3567.5,
            2578.862198
          ],
          [
            3572.875,
            2584.983792
          ],
          [
            3577.75,
            2592.979344
          ],
          [
            3583.875,
            2602.09927
          ],
          [
            3589.25,
            2609.095378
          ],
          [
            3592.875,
            2615.591763
          ],
          [
            3593.625,
            2620.339122
          ],
          [
            3591.875,
            2625.211411
          ],
          [
            3586.875,
            2629.459048
          ],
          [
            3580.125,
            2633.581754
          ],
          [
            3573.25,
            2634.706129
          ],
          [
            3566.25,
            2633.331893
          ],
          [
            3558.875,
            2629.83384
          ],
          [
            3553.625,
            2621.963219
          ],
          [
            3550.625,
            2615.216972
          ],
          [
            3545.75,
            2610.469613
          ],
          [
            3539.875,
            2608.470725
          ],
          [
            3529.625,
            2606.721698
          ],
          [
            3518.75,
            2605.972115
          ],
          [
            3512.25,
            2608.417317
          ],
          [
            3512.125,
            2614.788772
          ],
          [
            3517.25,
            2622.284602
          ],
          [
            3521.25,
            2626.157447
          ],
          [
            3524.25,
            2632.403972
          ],
          [
            3525,
            2640.274593
          ],
          [
            3521.125,
            2645.896465
          ],
          [
            3513.5,
            2653.767086
          ],
          [
            3511.75,
            2659.638819
          ],
          [
            3510.25,
            2668.508884
          ],
          [
            3507.625,
            2676.754297
          ],
          [
            3505.25,
            2681.126864
          ],
          [
            3499.75,
            2684.125196
          ],
          [
            3491,
            2687.123528
          ],
          [
            3482.125,
            2687.498319
          ],
          [
            3472.625,
            2685.499431
          ],
          [
            3464.875,
            2681.126864
          ],
          [
            3461.375,
            2674.255687
          ],
          [
            3460.25,
            2664.918012
          ],
          [
            3460.875,
            2653.414815
          ],
          [
            3458.5,
            2646.918429
          ],
          [
            3452.875,
            2640.297113
          ],
          [
            3446.375,
            2635.549754
          ],
          [
            3442,
            2633.051144
          ],
          [
            3434.875,
            2630.302674
          ],
          [
            3430.25,
            2626.92955
          ],
          [
            3425.375,
            2625.055593
          ],
          [
            3419.875,
            2619.30879
          ],
          [
            3397.625,
            2596.821301
          ],
          [
            3382.25,
            2583.328808
          ],
          [
            3368.375,
            2570.211106
          ],
          [
            3360.125,
            2563.090068
          ],
          [
            3355,
            2558.088191
          ],
          [
            3350.5,
            2554.715068
          ],
          [
            3346.375,
            2555.589582
          ],
          [
            3340.75,
            2557.963261
          ],
          [
            3335.5,
            2564.459647
          ],
          [
            3330.5,
            2573.704503
          ],
          [
            3327.625,
            2581.575124
          ],
          [
            3322.5,
            2587.946579
          ],
          [
            3314.875,
            2593.318591
          ],
          [
            3297.125,
            2606.436292
          ],
          [
            3290,
            2612.308026
          ],
          [
            3282.125,
            2614.556774
          ],
          [
            3273.875,
            2613.55733
          ],
          [
            3265.625,
            2612.308026
          ],
          [
            3258.125,
            2610.683929
          ],
          [
            3252.5,
            2614.306913
          ],
          [
            3246.75,
            2619.803855
          ],
          [
            3239.5,
            2621.552882
          ],
          [
            3228.5,
            2620.803299
          ],
          [
            3216.875,
            2619.179203
          ],
          [
            3211.125,
            2616.430732
          ],
          [
            3210.375,
            2611.183651
          ],
          [
            3213.125,
            2605.186987
          ],
          [
            3215.25,
            2598.565671
          ],
          [
            3215.5,
            2590.070398
          ],
          [
            3208.75,
            2582.199777
          ],
          [
            3201.75,
            2576.203113
          ],
          [
            3191.75,
            2572.82999
          ],
          [
            3182.875,
            2569.831658
          ],
          [
            3176,
            2568.207561
          ],
          [
            3170.5,
            2567.333048
          ],
          [
            3163.875,
            2567.208117
          ],
          [
            3158.25,
            2578.15706
          ],
          [
            3152,
            2586.902194
          ],
          [
            3144.5,
            2591.149831
          ],
          [
            3137,
            2597.896078
          ],
          [
            3135.75,
            2607.640656
          ],
          [
            3136,
            2617.135374
          ],
          [
            3134.25,
            2631.37745
          ],
          [
            3133.5,
            2643.370777
          ],
          [
            3133.5,
            2658.362437
          ],
          [
            3134.25,
            2672.604513
          ],
          [
            3137.5,
            2689.095338
          ],
          [
            3142.75,
            2707.834912
          ],
          [
            3151,
            2721.077544
          ],
          [
            3159.75,
            2728.573374
          ],
          [
            3162.25,
            2737.068648
          ],
          [
            3163.25,
            2750.31128
          ],
          [
            3160.75,
            2763.304051
          ],
          [
            3156.5,
            2773.04863
          ],
          [
            3158.5,
            2782.293486
          ],
          [
            3162.5,
            2792.787648
          ],
          [
            3166.625,
            2797.288911
          ],
          [
            3172.875,
            2803.910227
          ],
          [
            3177,
            2809.781961
          ],
          [
            3180.625,
            2816.778068
          ],
          [
            3180.5,
            2820.401052
          ],
          [
            3178,
            2823.024593
          ],
          [
            3177.5,
            2828.646465
          ],
          [
            3178.875,
            2837.266669
          ],
          [
            3181.75,
            2841.264445
          ],
          [
            3186.625,
            2846.136734
          ],
          [
            3192.125,
            2850.25944
          ],
          [
            3200.25,
            2850.384371
          ],
          [
            3202.625,
            2847.760831
          ],
          [
            3203.875,
            2842.014028
          ],
          [
            3204.5,
            2833.643685
          ],
          [
            3204.5,
            2824.523759
          ],
          [
            3202.875,
            2819.026817
          ],
          [
            3199,
            2815.903555
          ],
          [
            3191.875,
            2814.279458
          ],
          [
            3187.875,
            2817.777512
          ],
          [
            3185,
            2822.39994
          ],
          [
            3184.125,
            2826.022925
          ],
          [
            3184.375,
            2834.143407
          ],
          [
            3186,
            2836.517086
          ],
          [
            3189.625,
            2837.141739
          ],
          [
            3192.5,
            2840.639792
          ],
          [
            3194.875,
            2844.262777
          ],
          [
            3197,
            2846.136734
          ],
          [
            3200.375,
            2845.886873
          ],
          [
            3200.875,
            2842.138958
          ],
          [
            3199.875,
            2838.016252
          ],
          [
            3201.25,
            2834.89299
          ],
          [
            3202.25,
            2828.646465
          ],
          [
            3202,
            2822.774732
          ],
          [
            3200.375,
            2819.151748
          ],
          [
            3196.375,
            2817.15286
          ],
          [
            3192.375,
            2816.778068
          ],
          [
            3190.5,
            2820.026261
          ],
          [
            3188.375,
            2823.649245
          ],
          [
            3188.5,
            2828.146743
          ],
          [
            3191.375,
            2831.894658
          ],
          [
            3195.875,
            2832.769171
          ],
          [
            3198.75,
            2831.270005
          ],
          [
            3200.5,
            2826.397716
          ],
          [
            3199.5,
            2821.525427
          ],
          [
            3196,
            2820.026261
          ],
          [
            3193.375,
            2820.525983
          ],
          [
            3191.5,
            2823.274454
          ],
          [
            3191.125,
            2825.523203
          ],
          [
            3192,
            2828.146743
          ],
          [
            3194.875,
            2829.770839
          ],
          [
            3198.25,
            2827.771952
          ],
          [
            3198.15625,
            2825.662224
          ],
          [
            3196.53125,
            2824.725246
          ]
        ],
        "type": "LineString"
      },
      "properties": {
      },
      "type": "Feature"
    },
    {
      "geometry": {
        "coordinates": [
          [
            3163.875,
            2567.208117
          ],
          [
            3165.5,
            2557.34529
          ],
          [
            3165.25,
            2543.852796
          ],
          [
            3162.25,
            2531.609608
          ],
          [
            3155,
            2526.862249
          ],
          [
            3146.25,
            2519.116559
          ],
          [
            3138.5,
            2511.121007
          ],
          [
            3133.5,
            2501.126568
          ],
          [
            3131,
            2488.633518
          ],
          [
            3133,
            2471.892832
          ],
          [
            3133.5,
            2461.14881
          ],
          [
            3133.75,
            2451.654092
          ],
          [
            3130.5,
            2439.660765
          ],
          [
            3127,
            2429.166604
          ],
          [
            3127.5,
            2421.670774
          ],
          [
            3129.25,
            2414.674666
          ],
          [
            3124,
            2405.929532
          ],
          [
            3114.75,
            2396.934536
          ],
          [
            3106,
            2388.439263
          ],
          [
            3095.25,
            2379.943989
          ],
          [
            3086.75,
            2375.696352
          ],
          [
            3075.75,
            2368.450384
          ],
          [
            3064,
            2364.702469
          ],
          [
            3051.5,
            2361.454276
          ],
          [
            3041,
            2361.704137
          ],
          [
            3026.5,
            2360.204971
          ],
          [
            3007.75,
            2357.956222
          ],
          [
            2998.25,
            2357.956222
          ],
          [
            2991.5,
            2358.206083
          ],
          [
            2983.5,
            2363.952886
          ],
          [
            2978.75,
            2370.948994
          ],
          [
            2974,
            2378.194962
          ],
          [
            2974,
            2386.940097
          ],
          [
            2979.25,
            2394.935648
          ],
          [
            2985.5,
            2401.432034
          ],
          [
            2986.75,
            2409.677447
          ],
          [
            2984.75,
            2416.923415
          ],
          [
            2986,
            2424.918967
          ],
          [
            2985.75,
            2430.91563
          ],
          [
            2980.25,
            2437.661877
          ],
          [
            2973.5,
            2441.759903
          ],
          [
            2968.5,
            2443.758791
          ],
          [
            2963.125,
            2446.13247
          ],
          [
            2959.25,
            2450.255176
          ],
          [
            2956,
            2455.502257
          ],
          [
            2953.75,
            2461.124129
          ],
          [
            2952.75,
            2466.246279
          ],
          [
            2950.375,
            2471.743221
          ],
          [
            2948.75,
            2476.115788
          ],
          [
            2946,
            2479.738773
          ],
          [
            2942.625,
            2485.610506
          ],
          [
            2939.875,
            2489.483351
          ],
          [
            2936.375,
            2491.7321
          ],
          [
            2927.375,
            2494.980293
          ],
          [
            2920.75,
            2497.478903
          ],
          [
            2917.125,
            2501.351748
          ],
          [
            2913.125,
            2507.723203
          ],
          [
            2908.5,
            2511.596049
          ],
          [
            2902.25,
            2513.844797
          ],
          [
            2897.5,
            2515.094102
          ],
          [
            2890.75,
            2520.965836
          ],
          [
            2883,
            2527.837013
          ],
          [
            2878,
            2531.709858
          ],
          [
            2869.625,
            2534.70819
          ],
          [
            2861.625,
            2536.832008
          ],
          [
            2848.25,
            2540.627535
          ],
          [
            2831.75,
            2545.125033
          ],
          [
            2817.25,
            2548.872948
          ],
          [
            2806.125,
            2550.247183
          ],
          [
            2797.625,
            2551.496488
          ],
          [
            2789.375,
            2553.745237
          ],
          [
            2782.375,
            2557.493152
          ],
          [
            2774.875,
            2558.617526
          ],
          [
            2760.75,
            2559.367109
          ],
          [
            2746.625,
            2561.241066
          ],
          [
            2726.75,
            2564.73912
          ],
          [
            2717.125,
            2566.113356
          ],
          [
            2689.125,
            2566.862939
          ],
          [
            2681.75,
            2565.488703
          ],
          [
            2669.25,
            2563.489815
          ],
          [
            2663.625,
            2561.740788
          ],
          [
            2653.875,
            2557.11836
          ],
          [
            2649.125,
            2555.993986
          ],
          [
            2637.75,
            2555.244403
          ],
          [
            2620.375,
            2555.119472
          ],
          [
            2614.625,
            2552.995654
          ],
          [
            2605.875,
            2549.872392
          ],
          [
            2594.25,
            2545.499824
          ],
          [
            2585.5,
            2541.377118
          ],
          [
            2575.375,
            2541.377118
          ],
          [
            2553.5,
            2541.502049
          ],
          [
            2532.75,
            2544.125589
          ],
          [
            2525.75,
            2545.249963
          ],
          [
            2517.5,
            2549.122809
          ],
          [
            2507.375,
            2553.746279
          ],
          [
            2501,
            2555.120515
          ],
          [
            2492.25,
            2553.99614
          ],
          [
            2480,
            2549.998365
          ],
          [
            2470.625,
            2546.125519
          ],
          [
            2458.125,
            2546.125519
          ],
          [
            2447.625,
            2546.125519
          ],
          [
            2437,
            2547.749616
          ],
          [
            2429.25,
            2548.74906
          ],
          [
            2418.625,
            2549.498643
          ],
          [
            2410.625,
            2548.124407
          ],
          [
            2402.375,
            2546.000589
          ],
          [
            2392.25,
            2545.251006
          ],
          [
            2379.375,
            2544.626353
          ],
          [
            2372.75,
            2548.74906
          ],
          [
            2367.125,
            2554.495862
          ],
          [
            2362.625,
            2558.743499
          ],
          [
            2360,
            2563.116066
          ],
          [
            2357.125,
            2568.363147
          ],
          [
            2355.125,
            2572.985575
          ],
          [
            2351,
            2578.232656
          ],
          [
            2346.5,
            2583.229876
          ],
          [
            2340.875,
            2587.102721
          ],
          [
            2337.375,
            2592.099941
          ],
          [
            2336,
            2595.722925
          ],
          [
            2332.375,
            2598.721257
          ],
          [
            2325.875,
            2601.719589
          ],
          [
            2319.125,
            2603.718477
          ],
          [
            2307.875,
            2605.467504
          ],
          [
            2295.25,
            2607.591322
          ],
          [
            2287.625,
            2608.965558
          ],
          [
            2278.625,
            2608.340905
          ],
          [
            2269.25,
            2607.591322
          ]
        ],
        "type": "LineString"
      },
      "properties": {
      },
      "type": "Feature"
    },
    {
      "geometry": {
        "coordinates": [
          [
            3305,
            2417.628369
          ],
          [
            3283.125,
            2417.253578
          ],
          [
            3263.375,
            2417.7533
          ],
          [
            3248,
            2417.128647
          ],
          [
            3233.375,
            2417.628369
          ],
          [
            3223.625,
            2419.877118
          ],
          [
            3217.875,
            2424.874338
          ],
          [
            3214.5,
            2429.246905
          ],
          [
            3209.75,
            2431.495654
          ],
          [
            3200,
            2430.871001
          ],
          [
            3193.875,
            2428.247461
          ],
          [
            3182.5,
            2426.748295
          ],
          [
            3175.25,
            2426.373504
          ],
          [
            3170.25,
            2426.748295
          ],
          [
            3163.75,
            2425.124199
          ],
          [
            3154.25,
            2422.000936
          ],
          [
            3148,
            2418.627813
          ],
          [
            3140.5,
            2415.004829
          ],
          [
            3133.875,
            2414.380176
          ],
          [
            3129.25,
            2414.674666
          ]
        ],
        "type": "LineString"
      },
      "properties": {
      },
      "type": "Feature"
    },
    {
      "geometry": {
        "coordinates": [
          [
            3170.25,
            2426.748295
          ],
          [
            3167.75,
            2434.264421
          ],
          [
            3164.125,
            2441.010667
          ],
          [
            3160.375,
            2450.130593
          ],
          [
            3152,
            2451.254968
          ],
          [
            3144.625,
            2453.128925
          ],
          [
            3137.875,
            2452.254412
          ],
          [
            3133.75,
            2451.654092
          ]
        ],
        "type": "LineString"
      },
      "properties": {
      },
      "type": "Feature"
    },
    {
      "geometry": {
        "coordinates": [
          [
            3160.375,
            2450.130593
          ],
          [
            3165.375,
            2455.752466
          ],
          [
            3171,
            2461.249407
          ],
          [
            3181.5,
            2461.124477
          ],
          [
            3188.875,
            2456.87684
          ],
          [
            3193.75,
            2451.379898
          ],
          [
            3196.25,
            2444.383791
          ],
          [
            3195.625,
            2436.388239
          ],
          [
            3193.875,
            2428.247461
          ]
        ],
        "type": "LineString"
      },
      "properties": {
      },
      "type": "Feature"
    },
    {
      "geometry": {
        "coordinates": [
          [
            3171,
            2461.249407
          ],
          [
            3168.125,
            2466.371558
          ],
          [
            3166.625,
            2472.867943
          ],
          [
            3164.5,
            2479.114468
          ],
          [
            3156,
            2483.861827
          ],
          [
            3148,
            2489.483699
          ],
          [
            3139.875,
            2490.733004
          ],
          [
            3131,
            2488.633518
          ]
        ],
        "type": "LineString"
      },
      "properties": {
      },
      "type": "Feature"
    },
    {
      "geometry": {
        "coordinates": [
          [
            3714.25,
            2471.292374
          ],
          [
            3722.5,
            2481.364474
          ],
          [
            3730.25,
            2492.358357
          ],
          [
            3731.25,
            2501.353353
          ],
          [
            3733.75,
            2514.595985
          ],
          [
            3737,
            2525.589868
          ],
          [
            3738.25,
            2535.084586
          ],
          [
            3739.5,
            2545.828608
          ],
          [
            3741,
            2561.819711
          ],
          [
            3735.75,
            2571.064568
          ],
          [
            3732,
            2583.057895
          ],
          [
            3733.75,
            2593.552057
          ],
          [
            3739.5,
            2603.296635
          ],
          [
            3750,
            2614.040658
          ],
          [
            3762.5,
            2620.037321
          ],
          [
            3769.75,
            2626.533707
          ],
          [
            3775.25,
            2633.279954
          ],
          [
            3775.5,
            2639.776339
          ],
          [
            3775.5,
            2661.764106
          ],
          [
            3776.5,
            2677.505348
          ],
          [
            3776.75,
            2691.747424
          ],
          [
            3776,
            2701.242142
          ],
          [
            3771.75,
            2710.486998
          ],
          [
            3768.75,
            2721.231021
          ],
          [
            3767.25,
            2732.224904
          ],
          [
            3765.5,
            2742.968927
          ],
          [
            3762.5,
            2756.961142
          ],
          [
            3753.25,
            2768.454747
          ],
          [
            3743.75,
            2774.451411
          ],
          [
            3730.75,
            2782.696824
          ],
          [
            3717.5,
            2792.191541
          ],
          [
            3704.25,
            2804.184869
          ],
          [
            3688.5,
            2815.428613
          ],
          [
            3671.25,
            2821.675138
          ],
          [
            3657,
            2829.92055
          ],
          [
            3646.75,
            2838.415824
          ],
          [
            3635.25,
            2850.908873
          ],
          [
            3627.5,
            2858.404703
          ],
          [
            3610.75,
            2858.904425
          ],
          [
            3591.5,
            2861.902756
          ],
          [
            3577.75,
            2863.901644
          ],
          [
            3565.75,
            2868.149281
          ],
          [
            3565.75,
            2882.625649
          ],
          [
            3567,
            2901.365223
          ],
          [
            3567.75,
            2944.341313
          ],
          [
            3570.5,
            2958.583389
          ],
          [
            3577.75,
            2973.575048
          ],
          [
            3581.25,
            2984.06921
          ],
          [
            3581.5,
            2995.312954
          ],
          [
            3579.75,
            3012.303501
          ],
          [
            3580.75,
            3027.29516
          ],
          [
            3581.5,
            3044.785429
          ],
          [
            3580.75,
            3059.027506
          ],
          [
            3579.5,
            3068.272362
          ],
          [
            3571.5,
            3075.518331
          ],
          [
            3564,
            3076.018053
          ],
          [
            3559.5,
            3072.76986
          ],
          [
            3549.5,
            3064.024725
          ],
          [
            3533,
            3047.034178
          ],
          [
            3527,
            3038.039183
          ],
          [
            3515,
            3027.045299
          ],
          [
            3507.5,
            3010.304613
          ],
          [
            3491.5,
            2992.314622
          ],
          [
            3474.75,
            2979.821573
          ],
          [
            3458.5,
            2965.579496
          ],
          [
            3447,
            2947.339644
          ],
          [
            3436.75,
            2933.847151
          ],
          [
            3430,
            2922.103685
          ],
          [
            3441,
            2918.105909
          ],
          [
            3459.75,
            2919.355214
          ],
          [
            3477,
            2920.604519
          ],
          [
            3498,
            2920.85438
          ],
          [
            3512.5,
            2920.85438
          ],
          [
            3528.25,
            2919.854936
          ],
          [
            3542.25,
            2918.855492
          ],
          [
            3553.5,
            2919.355214
          ],
          [
            3582.5,
            2921.354102
          ],
          [
            3597.25,
            2922.103685
          ],
          [
            3614.25,
            2929.099792
          ],
          [
            3625,
            2937.345205
          ],
          [
            3633.5,
            2942.842147
          ],
          [
            3641.75,
            2946.340201
          ],
          [
            3647.875,
            2947.170865
          ],
          [
            3652.75,
            2944.797185
          ],
          [
            3657,
            2943.42295
          ],
          [
            3663.625,
            2945.047046
          ],
          [
            3667.5,
            2948.919892
          ],
          [
            3672.125,
            2952.293015
          ],
          [
            3681.375,
            2955.041486
          ],
          [
            3692.875,
            2955.041486
          ],
          [
            3704.75,
            2956.04093
          ],
          [
            3713.375,
            2959.164192
          ],
          [
            3719.125,
            2962.787177
          ],
          [
            3734,
            2963.536759
          ],
          [
            3740.875,
            2969.908215
          ],
          [
            3746.25,
            2975.030365
          ],
          [
            3757.625,
            2978.153627
          ],
          [
            3772.25,
            2982.900986
          ],
          [
            3785.75,
            2985.899318
          ],
          [
            3797.125,
            2987.523414
          ],
          [
            3806.375,
            2985.524526
          ],
          [
            3812.875,
            2979.153071
          ],
          [
            3817.125,
            2971.407381
          ],
          [
            3820.5,
            2966.909883
          ],
          [
            3825.5,
            2963.037037
          ],
          [
            3829.125,
            2956.915443
          ],
          [
            3834,
            2950.793849
          ],
          [
            3840,
            2949.919336
          ],
          [
            3847.875,
            2946.796073
          ],
          [
            3854.25,
            2944.297463
          ],
          [
            3862.25,
            2945.171977
          ],
          [
            3869.375,
            2949.044822
          ],
          [
            3884.5,
            2961.990196
          ],
          [
            3895.25,
            2967.736998
          ],
          [
            3908.75,
            2970.73533
          ],
          [
            3914.25,
            2976.981855
          ],
          [
            3922.25,
            2986.976294
          ],
          [
            3921.25,
            2995.471568
          ],
          [
            3924.5,
            3002.717537
          ],
          [
            3930.5,
            3007.714756
          ],
          [
            3935.75,
            3011.712532
          ],
          [
            3938,
            3017.459335
          ],
          [
            3940.25,
            3025.205025
          ],
          [
            3942.25,
            3031.951272
          ],
          [
            3949.25,
            3040.446546
          ],
          [
            3955,
            3049.19168
          ],
          [
            3961,
            3051.440429
          ],
          [
            3967,
            3055.937927
          ],
          [
            3970,
            3060.435425
          ],
          [
            3975.75,
            3061.684729
          ],
          [
            3985.75,
            3063.433756
          ],
          [
            3991,
            3067.181671
          ],
          [
            3991,
            3073.428196
          ],
          [
            3991,
            3084.172218
          ],
          [
            3988.25,
            3090.918465
          ],
          [
            3988.25,
            3097.16499
          ],
          [
            3992,
            3108.408734
          ],
          [
            3993.5,
            3115.154981
          ],
          [
            3993.5,
            3122.400949
          ],
          [
            3991.5,
            3132.395389
          ],
          [
            3990,
            3141.140523
          ],
          [
            3989,
            3147.88677
          ],
          [
            3992,
            3159.630236
          ],
          [
            3995,
            3170.124398
          ],
          [
            4000,
            3179.619115
          ],
          [
            4005.75,
            3191.612443
          ],
          [
            4015.5,
            3202.356465
          ],
          [
            4027,
            3207.603546
          ],
          [
            4038.75,
            3215.349236
          ],
          [
            4048.75,
            3220.346456
          ],
          [
            4054,
            3230.091035
          ],
          [
            4057.75,
            3234.08881
          ],
          [
            4063.5,
            3236.337559
          ],
          [
            4067,
            3242.084362
          ],
          [
            4068.5,
            3248.330887
          ],
          [
            4066.75,
            3254.827272
          ],
          [
            4058.5,
            3261.82338
          ],
          [
            4051,
            3268.319766
          ],
          [
            4042.75,
            3271.068236
          ],
          [
            4033.25,
            3274.066568
          ],
          [
            4026.5,
            3278.564066
          ],
          [
            4018.75,
            3286.309757
          ],
          [
            4014.25,
            3290.307532
          ],
          [
            4005.25,
            3294.555169
          ],
          [
            3998,
            3297.553501
          ],
          [
            3990.25,
            3304.299748
          ],
          [
            3984.75,
            3310.546272
          ],
          [
            3981.625,
            3318.145773
          ],
          [
            3981.5,
            3365.994152
          ],
          [
            3973.375,
            3367.48873
          ],
          [
            3961.75,
            3373.235533
          ],
          [
            3952.5,
            3378.232753
          ],
          [
            3941.125,
            3381.356015
          ],
          [
            3933.125,
            3386.353235
          ],
          [
            3925.5,
            3392.474829
          ],
          [
            3916.5,
            3396.597535
          ],
          [
            3904.5,
            3401.219964
          ],
          [
            3893.125,
            3404.967878
          ],
          [
            3890.125,
            3399.346006
          ],
          [
            3887,
            3393.724134
          ],
          [
            3859.75,
            3393.973995
          ],
          [
            3853.75,
            3396.347674
          ],
          [
            3829.75,
            3396.347674
          ],
          [
            3830,
            3413.837943
          ],
          [
            3817.625,
            3414.212735
          ],
          [
            3727.5,
            3414.087804
          ],
          [
            3721.125,
            3415.337109
          ],
          [
            3711.25,
            3417.211067
          ],
          [
            3705.75,
            3420.084468
          ],
          [
            3699.625,
            3423.832383
          ],
          [
            3692.875,
            3426.955645
          ],
          [
            3685.25,
            3428.579742
          ],
          [
            3680.5,
            3429.579186
          ],
          [
            3676.75,
            3428.20495
          ],
          [
            3672.875,
            3424.332105
          ],
          [
            3668,
            3418.835163
          ],
          [
            3661.25,
            3413.463152
          ],
          [
            3656.75,
            3409.590307
          ],
          [
            3647.125,
            3409.590307
          ],
          [
            3410.875,
            3409.715237
          ],
          [
            3403.375,
            3406.716905
          ],
          [
            3393.125,
            3403.843504
          ],
          [
            3383.875,
            3402.594199
          ],
          [
            3372.875,
            3400.595311
          ],
          [
            3367.75,
            3397.84684
          ],
          [
            3362.75,
            3395.34823
          ],
          [
            3356.75,
            3394.348786
          ],
          [
            3351.125,
            3396.222744
          ],
          [
            3345,
            3399.096145
          ],
          [
            3339.375,
            3397.222188
          ],
          [
            3333.125,
            3398.977887
          ],
          [
            3327.125,
            3398.852957
          ],
          [
            3321.125,
            3396.854069
          ],
          [
            3311.375,
            3397.978443
          ],
          [
            3306,
            3400.102262
          ],
          [
            3298,
            3400.976775
          ],
          [
            3292.625,
            3403.975107
          ],
          [
            3289.5,
            3406.098925
          ],
          [
            3283.125,
            3405.849065
          ],
          [
            3277.5,
            3404.224968
          ],
          [
            3269.625,
            3403.850177
          ],
          [
            3260.625,
            3403.975107
          ],
          [
            3260.625,
            3374.116719
          ]
        ],
        "type": "LineString"
      },
      "properties": {
      },
      "type": "Feature"
    },
    {
      "geometry": {
        "coordinates": [
          [
            3339.375,
            3397.222188
          ],
          [
            3338.125,
            3389.473439
          ],
          [
            3338.625,
            3384.226358
          ],
          [
            3339.875,
            3377.10532
          ],
          [
            3338.125,
            3370.109212
          ],
          [
            3336.875,
            3367.610603
          ],
          [
            3335.375,
            3362.863244
          ],
          [
            3333.5,
            3359.115329
          ],
          [
            3331.5,
            3354.617831
          ],
          [
            3328.625,
            3353.743318
          ],
          [
            3320.75,
            3353.743318
          ],
          [
            3317.25,
            3356.491789
          ]
        ],
        "type": "LineString"
      },
      "properties": {
      },
      "type": "Feature"
    },
    {
      "geometry": {
        "coordinates": [
          [
            3339.875,
            3377.10532
          ],
          [
            3346.375,
            3375.980946
          ],
          [
            3352.75,
            3374.356849
          ],
          [
            3355.125,
            3372.233031
          ],
          [
            3355.75,
            3368.485116
          ]
        ],
        "type": "LineString"
      },
      "properties": {
      },
      "type": "Feature"
    },
    {
      "geometry": {
        "coordinates": [
          [
            3339.375,
            3397.222188
          ],
          [
            3338.125,
            3405.964264
          ],
          [
            3335,
            3410.336831
          ],
          [
            3326.875,
            3415.458982
          ],
          [
            3321.875,
            3418.707174
          ],
          [
            3314,
            3420.331271
          ],
          [
            3309.125,
            3422.58002
          ],
          [
            3305.375,
            3424.953699
          ],
          [
            3302.625,
            3428.076961
          ],
          [
            3298.375,
            3429.326266
          ],
          [
            3293,
            3431.450085
          ],
          [
            3287.375,
            3432.574459
          ],
          [
            3283.25,
            3435.32293
          ],
          [
            3276.75,
            3439.945358
          ],
          [
            3271.875,
            3441.944246
          ],
          [
            3265.875,
            3442.568899
          ],
          [
            3260.875,
            3442.443968
          ]
        ],
        "type": "LineString"
      },
      "properties": {
      },
      "type": "Feature"
    },
    {
      "geometry": {
        "coordinates": [
          [
            3288.125,
            3424.204116
          ],
          [
            3288.625,
            3427.202448
          ],
          [
            3292.5,
            3429.326266
          ],
          [
            3293,
            3431.450085
          ]
        ],
        "type": "LineString"
      },
      "properties": {
      },
      "type": "Feature"
    },
    {
      "geometry": {
        "coordinates": [
          [
            3293,
            3431.450085
          ],
          [
            3293.75,
            3438.820984
          ],
          [
            3293.625,
            3456.436183
          ]
        ],
        "type": "LineString"
      },
      "properties": {
      },
      "type": "Feature"
    },
    {
      "geometry": {
        "coordinates": [
          [
            3260.625,
            3403.975107
          ],
          [
            3260.875,
            3442.443968
          ],
          [
            3260.75,
            3472.728241
          ],
          [
            3260.5,
            3542.439456
          ],
          [
            3273.75,
            3542.439456
          ]
        ],
        "type": "LineString"
      },
      "properties": {
      },
      "type": "Feature"
    },
    {
      "geometry": {
        "coordinates": [
          [
            3260.5,
            3542.439456
          ],
          [
            3247.5,
            3542.470423
          ]
        ],
        "type": "LineString"
      },
      "properties": {
      },
      "type": "Feature"
    },
    {
      "geometry": {
        "coordinates": [
          [
            3425.375,
            2625.055593
          ],
          [
            3418.625,
            2634.539999
          ],
          [
            3413.125,
            2644.159647
          ],
          [
            3408.25,
            2651.405616
          ],
          [
            3403.75,
            2655.278461
          ],
          [
            3399.75,
            2659.900889
          ],
          [
            3395.625,
            2665.522762
          ],
          [
            3394.25,
            2670.020259
          ],
          [
            3394.625,
            2676.391714
          ],
          [
            3397.125,
            2684.762057
          ],
          [
            3397.75,
            2693.881984
          ],
          [
            3398.125,
            2706.999685
          ],
          [
            3395.5,
            2712.246766
          ],
          [
            3392,
            2714.745376
          ],
          [
            3386.625,
            2717.993569
          ],
          [
            3381.625,
            2720.991901
          ],
          [
            3378.625,
            2726.363912
          ],
          [
            3377.25,
            2734.984116
          ],
          [
            3375.625,
            2742.479945
          ],
          [
            3373.125,
            2747.477165
          ],
          [
            3370.125,
            2757.096813
          ],
          [
            3367.75,
            2766.716461
          ],
          [
            3368.375,
            2776.46104
          ],
          [
            3371,
            2783.207286
          ],
          [
            3374.25,
            2789.32888
          ],
          [
            3378.25,
            2795.575405
          ],
          [
            3383,
            2803.321096
          ],
          [
            3387,
            2811.441578
          ],
          [
            3387.75,
            2819.56206
          ],
          [
            3388.25,
            2829.181708
          ],
          [
            3388.875,
            2839.550939
          ],
          [
            3391.125,
            2847.921282
          ],
          [
            3392.25,
            2860.664192
          ],
          [
            3393.5,
            2873.157242
          ],
          [
            3395.625,
            2884.650847
          ],
          [
            3396,
            2893.895703
          ],
          [
            3395.125,
            2909.636946
          ],
          [
            3394.5,
            2915.75854
          ],
          [
            3396.125,
            2919.256594
          ],
          [
            3400.875,
            2920.505899
          ],
          [
            3415.375,
            2921.255481
          ],
          [
            3424.375,
            2922.005064
          ],
          [
            3430,
            2922.103685
          ]
        ],
        "type": "LineString"
      },
      "properties": {
      },
      "type": "Feature"
    },
    {
      "geometry": {
        "coordinates": [
          [
            3850.25,
            1770.391669
          ],
          [
            3858.125,
            1773.499268
          ],
          [
            3866.125,
            1778.496488
          ],
          [
            3873,
            1781.869611
          ],
          [
            3883.125,
            1783.618638
          ],
          [
            3890,
            1783.118916
          ],
          [
            3896,
            1782.744125
          ],
          [
            3902.5,
            1774.998434
          ],
          [
            3906.5,
            1769.876284
          ],
          [
            3913.625,
            1762.755246
          ],
          [
            3924.125,
            1753.010667
          ],
          [
            3934.875,
            1746.514282
          ],
          [
            3944.375,
            1739.49058
          ],
          [
            3954,
            1732.744333
          ],
          [
            3962.75,
            1726.372878
          ],
          [
            3972.375,
            1722.125241
          ],
          [
            3980,
            1719.001979
          ],
          [
            3989.125,
            1717.752674
          ],
          [
            3999.5,
            1718.002535
          ],
          [
            4010.25,
            1719.751562
          ],
          [
            4020,
            1720.751006
          ],
          [
            4030.5,
            1723.499477
          ],
          [
            4040.375,
            1725.498365
          ],
          [
            4047.875,
            1729.621071
          ],
          [
            4056.375,
            1732.744333
          ],
          [
            4063.75,
            1734.868152
          ],
          [
            4071.75,
            1733.868708
          ],
          [
            4078.625,
            1731.495028
          ],
          [
            4087.125,
            1730.245723
          ],
          [
            4092.125,
            1728.121905
          ],
          [
            4098.625,
            1728.746558
          ],
          [
            4109,
            1728.746558
          ],
          [
            4116.5,
            1726.372878
          ],
          [
            4124.25,
            1726.247948
          ],
          [
            4124.25,
            1722.000311
          ],
          [
            4134.75,
            1722.125241
          ],
          [
            4134.625,
            1731.120237
          ],
          [
            4139.75,
            1732.994194
          ],
          [
            4139.25,
            1748.360645
          ],
          [
            4140.625,
            1753.357865
          ],
          [
            4144.875,
            1760.853694
          ],
          [
            4146.375,
            1765.850914
          ],
          [
            4146.25,
            1770.223481
          ],
          [
            4167.5,
            1770.223481
          ],
          [
            4167.5,
            1783.965836
          ]
        ],
        "type": "LineString"
      },
      "properties": {
      },
      "type": "Feature"
    },
    {
      "geometry": {
        "coordinates": [
          [
            4174.25,
            1769.97362
          ],
          [
            4167.5,
            1770.223481
          ],
          [
            4167.375,
            1749.984741
          ],
          [
            4160.5,
            1749.73488
          ],
          [
            4157.375,
            1746.736549
          ],
          [
            4157.625,
            1738.990858
          ],
          [
            4155.25,
            1732.619403
          ],
          [
            4153.625,
            1729.246279
          ],
          [
            4143.125,
            1729.121349
          ],
          [
            4139.75,
            1732.994194
          ]
        ],
        "type": "LineString"
      },
      "properties": {
      },
      "type": "Feature"
    },
    {
      "geometry": {
        "coordinates": [
          [
            4109,
            1728.746558
          ],
          [
            4113.875,
            1731.495028
          ],
          [
            4117.625,
            1736.617179
          ],
          [
            4120.625,
            1737.491692
          ],
          [
            4124.375,
            1730.995306
          ],
          [
            4124.25,
            1726.247948
          ]
        ],
        "type": "LineString"
      },
      "properties": {
      },
      "type": "Feature"
    },
    {
      "geometry": {
        "coordinates": [
          [
            4124.375,
            1730.995306
          ],
          [
            4134.625,
            1731.120237
          ]
        ],
        "type": "LineString"
      },
      "properties": {
      },
      "type": "Feature"
    },
    {
      "geometry": {
        "coordinates": [
          [
            4134.75,
            1722.125241
          ],
          [
            4143,
            1718.877049
          ],
          [
            4145.625,
            1717.377883
          ],
          [
            4145,
            1707.633304
          ],
          [
            4142.125,
            1700.887057
          ],
          [
            4137,
            1700.012544
          ],
          [
            4131.875,
            1697.888726
          ],
          [
            4131.125,
            1688.7688
          ],
          [
            4130.625,
            1683.646649
          ],
          [
            4130.5,
            1663.874477
          ],
          [
            4111.5,
            1663.749546
          ]
        ],
        "type": "LineString"
      },
      "properties": {
      },
      "type": "Feature"
    },
    {
      "geometry": {
        "coordinates": [
          [
            4142.125,
            1700.887057
          ],
          [
            4145.875,
            1698.979945
          ],
          [
            4150.125,
            1697.48078
          ],
          [
            4154.125,
            1697.48078
          ],
          [
            4155.5,
            1700.22925
          ]
        ],
        "type": "LineString"
      },
      "properties": {
      },
      "type": "Feature"
    },
    {
      "geometry": {
        "coordinates": [
          [
            4145.625,
            1717.377883
          ],
          [
            4156.875,
            1717.344728
          ],
          [
            4155.875,
            1720.218129
          ],
          [
            4155.375,
            1726.089863
          ],
          [
            4153.625,
            1729.246279
          ]
        ],
        "type": "LineString"
      },
      "properties": {
      },
      "type": "Feature"
    },
    {
      "geometry": {
        "coordinates": [
          [
            4145.625,
            1717.377883
          ],
          [
            4145.625,
            1723.341392
          ],
          [
            4143.125,
            1729.121349
          ]
        ],
        "type": "LineString"
      },
      "properties": {
      },
      "type": "Feature"
    },
    {
      "geometry": {
        "coordinates": [
          [
            3896,
            1782.744125
          ],
          [
            3892.5,
            1792.511465
          ],
          [
            3885.5,
            1798.757989
          ],
          [
            3881.5,
            1804.00507
          ],
          [
            3878.5,
            1811.750761
          ],
          [
            3875,
            1817.497563
          ],
          [
            3872,
            1823.175519
          ]
        ],
        "type": "LineString"
      },
      "properties": {
      },
      "type": "Feature"
    },
    {
      "geometry": {
        "coordinates": [
          [
            2478.875,
            2120.37114
          ],
          [
            2481.5,
            2114.999129
          ],
          [
            2489.125,
            2113.749824
          ],
          [
            2497.875,
            2112.500519
          ],
          [
            2503.125,
            2108.752605
          ],
          [
            2504.75,
            2101.506636
          ],
          [
            2507.125,
            2082.767062
          ],
          [
            2509.625,
            2070.149082
          ],
          [
            2511,
            2034.1691
          ],
          [
            2513,
            2026.923131
          ],
          [
            2517.125,
            2020.801537
          ],
          [
            2521.125,
            2016.42897
          ],
          [
            2527.125,
            2010.432306
          ],
          [
            2531.875,
            2003.68606
          ],
          [
            2535.625,
            1995.940369
          ],
          [
            2540,
            1988.194678
          ],
          [
            2546,
            1979.949266
          ],
          [
            2551.875,
            1971.703853
          ],
          [
            2557.5,
            1969.330174
          ],
          [
            2568.75,
            1970.82934
          ],
          [
            2576.75,
            1974.952046
          ],
          [
            2586.125,
            1977.825448
          ],
          [
            2595.625,
            1983.322389
          ],
          [
            2602.5,
            1986.820443
          ],
          [
            2610.5,
            1988.56947
          ],
          [
            2620.625,
            1987.445096
          ],
          [
            2624.125,
            1983.697181
          ],
          [
            2631,
            1976.576143
          ],
          [
            2635,
            1971.703853
          ],
          [
            2642.375,
            1969.455104
          ],
          [
            2650.25,
            1969.704965
          ],
          [
            2657.5,
            1972.203575
          ],
          [
            2662.625,
            1975.326838
          ],
          [
            2665.625,
            1979.949266
          ],
          [
            2667.625,
            1985.571138
          ],
          [
            2667.375,
            1991.567802
          ],
          [
            2667.125,
            2002.561685
          ],
          [
            2664,
            2009.755315
          ],
          [
            2661.375,
            2016.00184
          ],
          [
            2660.875,
            2021.998504
          ],
          [
            2660.375,
            2029.119542
          ],
          [
            2661,
            2034.991275
          ],
          [
            2663.25,
            2040.488217
          ],
          [
            2668.5,
            2044.860784
          ],
          [
            2672.5,
            2045.985158
          ],
          [
            2675.625,
            2044.485993
          ],
          [
            2676,
            2039.988495
          ],
          [
            2675.375,
            2034.741414
          ],
          [
            2677,
            2031.24336
          ],
          [
            2681.5,
            2030.868569
          ],
          [
            2685.5,
            2033.866901
          ],
          [
            2687.375,
            2038.614259
          ],
          [
            2689.875,
            2042.861896
          ],
          [
            2693.375,
            2046.984602
          ],
          [
            2696,
            2051.107309
          ],
          [
            2696.125,
            2057.478764
          ],
          [
            2694.25,
            2063.975149
          ],
          [
            2694.125,
            2068.347717
          ],
          [
            2697,
            2070.471535
          ],
          [
            2701.75,
            2071.221118
          ],
          [
            2708.125,
            2066.223898
          ],
          [
            2711.125,
            2060.602026
          ],
          [
            2711.5,
            2053.605919
          ],
          [
            2717.625,
            2043.361618
          ],
          [
            2724.875,
            2038.73919
          ],
          [
            2731.875,
            2035.366066
          ],
          [
            2741.625,
            2032.617596
          ],
          [
            2749.875,
            2028.61982
          ],
          [
            2756.25,
            2024.871905
          ],
          [
            2762.875,
            2022.997948
          ],
          [
            2773.125,
            2020.499338
          ],
          [
            2784,
            2017.501006
          ],
          [
            2791.875,
            2013.878022
          ],
          [
            2803,
            2008.38108
          ],
          [
            2809.25,
            2003.25893
          ],
          [
            2814.375,
            1998.38664
          ],
          [
            2818.875,
            1989.391645
          ],
          [
            2820.625,
            1983.519912
          ],
          [
            2822.5,
            1974.399986
          ],
          [
            2825.625,
            1965.030199
          ],
          [
            2829.25,
            1958.283952
          ],
          [
            2835.125,
            1950.788122
          ],
          [
            2839.375,
            1945.04132
          ],
          [
            2845.875,
            1939.169587
          ],
          [
            2852.5,
            1933.797575
          ],
          [
            2857.625,
            1929.175147
          ],
          [
            2859.875,
            1923.428344
          ],
          [
            2860.375,
            1914.433349
          ],
          [
            2859.625,
            1906.687658
          ],
          [
            2862,
            1898.317315
          ],
          [
            2866.625,
            1890.321764
          ],
          [
            2873.25,
            1884.699891
          ],
          [
            2879.25,
            1881.451699
          ],
          [
            2890.375,
            1877.829687
          ],
          [
            2902.625,
            1874.581495
          ],
          [
            2913.125,
            1875.705869
          ],
          [
            2924.625,
            1876.580382
          ],
          [
            2935.5,
            1875.8308
          ],
          [
            2949.625,
            1873.207259
          ],
          [
            2958.625,
            1868.709761
          ],
          [
            2969.625,
            1863.587611
          ],
          [
            2979.375,
            1855.841921
          ],
          [
            2988.625,
            1846.721995
          ],
          [
            2992.375,
            1837.602069
          ],
          [
            2993.25,
            1824.609297
          ],
          [
            2994.375,
            1812.116248
          ],
          [
            2994.75,
            1797.874172
          ],
          [
            2996.125,
            1780.258972
          ],
          [
            3001.875,
            1766.266757
          ]
        ],
        "type": "LineString"
      },
      "properties": {
      },
      "type": "Feature"
    },
    {
      "geometry": {
        "coordinates": [
          [
            2926.25,
            1289.125519
          ],
          [
            2921.25,
            1288.500867
          ],
          [
            2915.875,
            1288.251006
          ],
          [
            2909.5,
            1289.37538
          ],
          [
            2903.125,
            1287.376492
          ],
          [
            2892.375,
            1286.75184
          ],
          [
            2877.875,
            1287.126631
          ],
          [
            2878.125,
            1277.506984
          ],
          [
            2890.5625,
            1277.440297
          ],
          [
            2890.5625,
            1267.320927
          ],
          [
            2886.0625,
            1267.133531
          ]
        ],
        "type": "LineString"
      },
      "properties": {
      },
      "type": "Feature"
    },
    {
      "geometry": {
        "coordinates": [
          [
            2890.5625,
            1277.440297
          ],
          [
            2890.8125,
            1283.249565
          ],
          [
            2893.25,
            1283.062169
          ],
          [
            2893.301866,
            1286.805698
          ]
        ],
        "type": "LineString"
      },
      "properties": {
      },
      "type": "Feature"
    },
    {
      "geometry": {
        "coordinates": [
          [
            2880.805687,
            1287.05088
          ],
          [
            2881.3125,
            1293.685918
          ],
          [
            2885.25,
            1293.935779
          ],
          [
            2884.875,
            1299.120394
          ],
          [
            2887.0625,
            1300.369699
          ]
        ],
        "type": "LineString"
      },
      "properties": {
      },
      "type": "Feature"
    },
    {
      "geometry": {
        "coordinates": [
          [
            2903.125,
            1287.376492
          ],
          [
            2903.125,
            1276.695371
          ],
          [
            2903.25,
            1272.76006
          ],
          [
            2890.5625,
            1272.697595
          ]
        ],
        "type": "LineString"
      },
      "properties": {
      },
      "type": "Feature"
    },
    {
      "geometry": {
        "coordinates": [
          [
            2888.624056,
            1286.848793
          ],
          [
            2888.5,
            1293.881427
          ],
          [
            2885.25,
            1293.935779
          ]
        ],
        "type": "LineString"
      },
      "properties": {
      },
      "type": "Feature"
    },
    {
      "geometry": {
        "coordinates": [
          [
            4262,
            1626.519806
          ],
          [
            4273.25,
            1623.521474
          ],
          [
            4285,
            1622.272169
          ],
          [
            4298,
            1621.522586
          ],
          [
            4304.75,
            1621.772447
          ],
          [
            4304.75,
            1607.28051
          ],
          [
            4299.5,
            1602.783012
          ],
          [
            4299.75,
            1590.040101
          ],
          [
            4300,
            1584.043438
          ],
          [
            4305,
            1583.043994
          ],
          [
            4311,
            1584.54316
          ],
          [
            4315,
            1587.541492
          ],
          [
            4319,
            1591.289406
          ],
          [
            4322.75,
            1596.536487
          ],
          [
            4330.5,
            1596.286626
          ],
          [
            4338,
            1594.537599
          ],
          [
            4342.75,
            1595.786904
          ],
          [
            4348.5,
            1599.284958
          ],
          [
            4352.75,
            1606.780788
          ],
          [
            4353,
            1612.277729
          ],
          [
            4354.5,
            1618.274393
          ],
          [
            4359.25,
            1625.770223
          ],
          [
            4366.75,
            1626.020084
          ],
          [
            4371.75,
            1622.771891
          ],
          [
            4378.25,
            1617.52481
          ],
          [
            4384,
            1611.528146
          ],
          [
            4388,
            1605.281622
          ],
          [
            4387.75,
            1596.786348
          ],
          [
            4386.25,
            1592.038989
          ],
          [
            4388.25,
            1586.791909
          ],
          [
            4388.25,
            1581.544828
          ],
          [
            4387,
            1574.298859
          ],
          [
            4385,
            1566.80303
          ],
          [
            4382,
            1562.555393
          ],
          [
            4378.25,
            1556.059007
          ],
          [
            4369,
            1547.064012
          ],
          [
            4363.625,
            1543.2843
          ],
          [
            4363.625,
            1535.038887
          ]
        ],
        "type": "LineString"
      },
      "properties": {
      },
      "type": "Feature"
    },
    {
      "geometry": {
        "coordinates": [
          [
            4363.625,
            1543.2843
          ],
          [
            4358.375,
            1543.159369
          ],
          [
            4354,
            1544.658535
          ],
          [
            4349.25,
            1547.032214
          ],
          [
            4344.5,
            1548.156589
          ],
          [
            4337.625,
            1548.031658
          ],
          [
            4332.5,
            1545.90784
          ],
          [
            4330.375,
            1542.784578
          ],
          [
            4328.75,
            1536.538053
          ],
          [
            4326.375,
            1533.539721
          ],
          [
            4323,
            1531.415903
          ],
          [
            4315.5,
            1531.790694
          ],
          [
            4315.625,
            1561.14936
          ],
          [
            4314.875,
            1565.022205
          ],
          [
            4310.125,
            1567.270954
          ],
          [
            4305.75,
            1567.895607
          ],
          [
            4305,
            1583.043994
          ]
        ],
        "type": "LineString"
      },
      "properties": {
      },
      "type": "Feature"
    },
    {
      "geometry": {
        "coordinates": [
          [
            4258.625,
            1584.01164
          ],
          [
            4267.625,
            1586.635181
          ],
          [
            4274.375,
            1587.134903
          ],
          [
            4281.875,
            1586.760111
          ],
          [
            4286,
            1584.886154
          ],
          [
            4291.375,
            1583.761779
          ],
          [
            4295,
            1582.137683
          ],
          [
            4300,
            1584.043438
          ]
        ],
        "type": "LineString"
      },
      "properties": {
      },
      "type": "Feature"
    },
    {
      "geometry": {
        "coordinates": [
          [
            4304.75,
            1607.28051
          ],
          [
            4309.625,
            1603.625728
          ],
          [
            4315.5,
            1602.251492
          ],
          [
            4320.75,
            1601.376979
          ],
          [
            4322.75,
            1596.536487
          ]
        ],
        "type": "LineString"
      },
      "properties": {
      },
      "type": "Feature"
    },
    {
      "geometry": {
        "coordinates": [
          [
            4338,
            1594.537599
          ],
          [
            4337.5,
            1589.258721
          ],
          [
            4334.875,
            1584.636293
          ],
          [
            4334,
            1580.388656
          ],
          [
            4332.75,
            1573.642409
          ],
          [
            4332.875,
            1566.771232
          ],
          [
            4334,
            1561.399221
          ],
          [
            4336.25,
            1555.777349
          ],
          [
            4337.625,
            1548.031658
          ]
        ],
        "type": "LineString"
      },
      "properties": {
      },
      "type": "Feature"
    },
    {
      "geometry": {
        "coordinates": [
          [
            4334,
            1561.399221
          ],
          [
            4341.875,
            1562.148804
          ],
          [
            4348.875,
            1562.398665
          ],
          [
            4356.125,
            1561.399221
          ],
          [
            4366.25,
            1556.277071
          ],
          [
            4369.25,
            1552.779017
          ],
          [
            4372.028221,
            1550.008751
          ]
        ],
        "type": "LineString"
      },
      "properties": {
      },
      "type": "Feature"
    },
    {
      "geometry": {
        "coordinates": [
          [
            4353,
            1612.277729
          ],
          [
            4347.5,
            1616.130246
          ],
          [
            4343.5,
            1619.75323
          ],
          [
            4336.75,
            1621.377327
          ],
          [
            4329.625,
            1622.876492
          ],
          [
            4318.5,
            1623.376214
          ],
          [
            4307.5,
            1625.250172
          ],
          [
            4304.75,
            1621.772447
          ]
        ],
        "type": "LineString"
      },
      "properties": {
      },
      "type": "Feature"
    },
    {
      "geometry": {
        "coordinates": [
          [
            4307.5,
            1625.250172
          ],
          [
            4306,
            1630.122461
          ],
          [
            4306,
            1637.743221
          ],
          [
            4298,
            1639.249722
          ],
          [
            4291.5,
            1638.992526
          ],
          [
            4285.375,
            1638.742665
          ],
          [
            4278.125,
            1641.740997
          ]
        ],
        "type": "LineString"
      },
      "properties": {
      },
      "type": "Feature"
    },
    {
      "geometry": {
        "coordinates": [
          [
            4298,
            1639.249722
          ],
          [
            4298,
            1655.983073
          ]
        ],
        "type": "LineString"
      },
      "properties": {
      },
      "type": "Feature"
    },
    {
      "geometry": {
        "coordinates": [
          [
            4388.25,
            1586.791909
          ],
          [
            4402.625,
            1587.385945
          ],
          [
            4541,
            1587.261015
          ]
        ],
        "type": "LineString"
      },
      "properties": {
      },
      "type": "Feature"
    },
    {
      "geometry": {
        "coordinates": [
          [
            4120.625,
            1737.491692
          ],
          [
            4120.625,
            1746.763517
          ]
        ],
        "type": "LineString"
      },
      "properties": {
      },
      "type": "Feature"
    },
    {
      "geometry": {
        "coordinates": [
          [
            4117.125,
            1769.001145
          ],
          [
            4117,
            1773.123851
          ],
          [
            4114.75,
            1777.246558
          ],
          [
            4111.875,
            1782.493638
          ],
          [
            4110.5,
            1787.615788
          ],
          [
            4110.375,
            1792.238217
          ],
          [
            4109.625,
            1796.111062
          ],
          [
            4106.5625,
            1797.496116
          ]
        ],
        "type": "LineString"
      },
      "properties": {
      },
      "type": "Feature"
    },
    {
      "geometry": {
        "coordinates": [
          [
            5697.0625,
            2823.951557
          ],
          [
            5697,
            2845.689463
          ],
          [
            5649,
            2893.975098
          ],
          [
            5649,
            2919.648315
          ],
          [
            5633.125,
            2936.13914
          ],
          [
            5633.0625,
            2974.11801
          ],
          [
            5618,
            2974.11801
          ],
          [
            5618.0625,
            2990.858696
          ]
        ],
        "type": "LineString"
      },
      "properties": {
      },
      "type": "Feature"
    }
  ],
  "type": "FeatureCollection"
}